,driverId,driverRef,number,code,dob,nationality,url,forename,surname
0,1,hamilton,44,HAM,1985-01-07,British,http://en.wikipedia.org/wiki/Lewis_Hamilton,Lewis,Hamilton
1,2,heidfeld,\N,HEI,1977-05-10,German,http://en.wikipedia.org/wiki/Nick_Heidfeld,Nick,Heidfeld
2,3,rosberg,6,ROS,1985-06-27,German,http://en.wikipedia.org/wiki/Nico_Rosberg,Nico,Rosberg
3,4,alonso,14,ALO,1981-07-29,Spanish,http://en.wikipedia.org/wiki/Fernando_Alonso,Fernando,Alonso
4,5,kovalainen,\N,KOV,1981-10-19,Finnish,http://en.wikipedia.org/wiki/Heikki_Kovalainen,Heikki,Kovalainen
5,6,nakajima,\N,NAK,1985-01-11,Japanese,http://en.wikipedia.org/wiki/Kazuki_Nakajima,Kazuki,Nakajima
6,7,bourdais,\N,BOU,1979-02-28,French,http://en.wikipedia.org/wiki/S%C3%A9bastien_Bourdais,Sébastien,Bourdais
7,8,raikkonen,7,RAI,1979-10-17,Finnish,http://en.wikipedia.org/wiki/Kimi_R%C3%A4ikk%C3%B6nen,Kimi,Räikkönen
8,9,kubica,88,KUB,1984-12-07,Polish,http://en.wikipedia.org/wiki/Robert_Kubica,Robert,Kubica
9,10,glock,\N,GLO,1982-03-18,German,http://en.wikipedia.org/wiki/Timo_Glock,Timo,Glock
10,11,sato,\N,SAT,1977-01-28,Japanese,http://en.wikipedia.org/wiki/Takuma_Sato,Takuma,Sato
11,12,piquet_jr,\N,PIQ,1985-07-25,Brazilian,"http://en.wikipedia.org/wiki/Nelson_Piquet,_Jr.",Nelson,Piquet Jr.
12,13,massa,19,MAS,1981-04-25,Brazilian,http://en.wikipedia.org/wiki/Felipe_Massa,Felipe,Massa
13,14,coulthard,\N,COU,1971-03-27,British,http://en.wikipedia.org/wiki/David_Coulthard,David,Coulthard
14,15,trulli,\N,TRU,1974-07-13,Italian,http://en.wikipedia.org/wiki/Jarno_Trulli,Jarno,Trulli
15,16,sutil,99,SUT,1983-01-11,German,http://en.wikipedia.org/wiki/Adrian_Sutil,Adrian,Sutil
16,17,webber,\N,WEB,1976-08-27,Australian,http://en.wikipedia.org/wiki/Mark_Webber,Mark,Webber
17,18,button,22,BUT,1980-01-19,British,http://en.wikipedia.org/wiki/Jenson_Button,Jenson,Button
18,19,davidson,\N,DAV,1979-04-18,British,http://en.wikipedia.org/wiki/Anthony_Davidson,Anthony,Davidson
19,20,vettel,5,VET,1987-07-03,German,http://en.wikipedia.org/wiki/Sebastian_Vettel,Sebastian,Vettel
20,21,fisichella,\N,FIS,1973-01-14,Italian,http://en.wikipedia.org/wiki/Giancarlo_Fisichella,Giancarlo,Fisichella
21,22,barrichello,\N,BAR,1972-05-23,Brazilian,http://en.wikipedia.org/wiki/Rubens_Barrichello,Rubens,Barrichello
22,23,ralf_schumacher,\N,SCH,1975-06-30,German,http://en.wikipedia.org/wiki/Ralf_Schumacher,Ralf,Schumacher
23,24,liuzzi,\N,LIU,1980-08-06,Italian,http://en.wikipedia.org/wiki/Vitantonio_Liuzzi,Vitantonio,Liuzzi
24,25,wurz,\N,WUR,1974-02-15,Austrian,http://en.wikipedia.org/wiki/Alexander_Wurz,Alexander,Wurz
25,26,speed,\N,SPE,1983-01-24,American,http://en.wikipedia.org/wiki/Scott_Speed,Scott,Speed
26,27,albers,\N,ALB,1979-04-16,Dutch,http://en.wikipedia.org/wiki/Christijan_Albers,Christijan,Albers
27,28,markus_winkelhock,\N,WIN,1980-06-13,German,http://en.wikipedia.org/wiki/Markus_Winkelhock,Markus,Winkelhock
28,29,yamamoto,\N,YAM,1982-07-09,Japanese,http://en.wikipedia.org/wiki/Sakon_Yamamoto,Sakon,Yamamoto
29,30,michael_schumacher,\N,MSC,1969-01-03,German,http://en.wikipedia.org/wiki/Michael_Schumacher,Michael,Schumacher
30,31,montoya,\N,MON,1975-09-20,Colombian,http://en.wikipedia.org/wiki/Juan_Pablo_Montoya,Juan,Pablo Montoya
31,32,klien,\N,KLI,1983-02-07,Austrian,http://en.wikipedia.org/wiki/Christian_Klien,Christian,Klien
32,33,monteiro,\N,TMO,1976-07-24,Portuguese,http://en.wikipedia.org/wiki/Tiago_Monteiro,Tiago,Monteiro
33,34,ide,\N,IDE,1975-01-21,Japanese,http://en.wikipedia.org/wiki/Yuji_Ide,Yuji,Ide
34,35,villeneuve,\N,VIL,1971-04-09,Canadian,http://en.wikipedia.org/wiki/Jacques_Villeneuve,Jacques,Villeneuve
35,36,montagny,\N,FMO,1978-01-05,French,http://en.wikipedia.org/wiki/Franck_Montagny,Franck,Montagny
36,37,rosa,\N,DLR,1971-02-24,Spanish,http://en.wikipedia.org/wiki/Pedro_de_la_Rosa,Pedro,de la Rosa
37,38,doornbos,\N,DOO,1981-09-23,Dutch,http://en.wikipedia.org/wiki/Robert_Doornbos,Robert,Doornbos
38,39,karthikeyan,\N,KAR,1977-01-14,Indian,http://en.wikipedia.org/wiki/Narain_Karthikeyan,Narain,Karthikeyan
39,40,friesacher,\N,FRI,1980-09-26,Austrian,http://en.wikipedia.org/wiki/Patrick_Friesacher,Patrick,Friesacher
40,41,zonta,\N,ZON,1976-03-23,Brazilian,http://en.wikipedia.org/wiki/Ricardo_Zonta,Ricardo,Zonta
41,42,pizzonia,\N,PIZ,1980-09-11,Brazilian,http://en.wikipedia.org/wiki/Ant%C3%B4nio_Pizzonia,Antônio,Pizzonia
42,43,matta,\N,\N,1973-09-19,Brazilian,http://en.wikipedia.org/wiki/Cristiano_da_Matta,Cristiano,da Matta
43,44,panis,\N,\N,1966-09-02,French,http://en.wikipedia.org/wiki/Olivier_Panis,Olivier,Panis
44,45,pantano,\N,\N,1979-02-04,Italian,http://en.wikipedia.org/wiki/Giorgio_Pantano,Giorgio,Pantano
45,46,bruni,\N,\N,1981-05-30,Italian,http://en.wikipedia.org/wiki/Gianmaria_Bruni,Gianmaria,Bruni
46,47,baumgartner,\N,\N,1981-01-01,Hungarian,http://en.wikipedia.org/wiki/Zsolt_Baumgartner,Zsolt,Baumgartner
47,48,gene,\N,\N,1974-03-29,Spanish,http://en.wikipedia.org/wiki/Marc_Gen%C3%A9,Marc,Gené
48,49,frentzen,\N,\N,1967-05-18,German,http://en.wikipedia.org/wiki/Heinz-Harald_Frentzen,Heinz-Harald,Frentzen
49,50,verstappen,\N,\N,1972-03-04,Dutch,http://en.wikipedia.org/wiki/Jos_Verstappen,Jos,Verstappen
50,51,wilson,\N,\N,1978-07-31,British,http://en.wikipedia.org/wiki/Justin_Wilson_(racing_driver),Justin,Wilson
51,52,firman,\N,\N,1975-05-20,Irish,http://en.wikipedia.org/wiki/Ralph_Firman,Ralph,Firman
52,53,kiesa,\N,\N,1978-03-03,Danish,http://en.wikipedia.org/wiki/Nicolas_Kiesa,Nicolas,Kiesa
53,54,burti,\N,\N,1975-03-05,Brazilian,http://en.wikipedia.org/wiki/Luciano_Burti,Luciano,Burti
54,55,alesi,\N,\N,1964-06-11,French,http://en.wikipedia.org/wiki/Jean_Alesi,Jean,Alesi
55,56,irvine,\N,\N,1965-11-10,British,http://en.wikipedia.org/wiki/Eddie_Irvine,Eddie,Irvine
56,57,hakkinen,\N,\N,1968-09-28,Finnish,http://en.wikipedia.org/wiki/Mika_H%C3%A4kkinen,Mika,Häkkinen
57,58,marques,\N,\N,1976-01-19,Brazilian,http://en.wikipedia.org/wiki/Tarso_Marques,Tarso,Marques
58,59,bernoldi,\N,\N,1978-10-19,Brazilian,http://en.wikipedia.org/wiki/Enrique_Bernoldi,Enrique,Bernoldi
59,60,mazzacane,\N,\N,1975-05-08,Argentine,http://en.wikipedia.org/wiki/Gast%C3%B3n_Mazzacane,Gastón,Mazzacane
60,61,enge,\N,\N,1976-09-11,Czech,http://en.wikipedia.org/wiki/Tom%C3%A1%C5%A1_Enge,Tomáš,Enge
61,62,yoong,\N,\N,1976-07-20,Malaysian,http://en.wikipedia.org/wiki/Alex_Yoong,Alex,Yoong
62,63,salo,\N,\N,1966-11-30,Finnish,http://en.wikipedia.org/wiki/Mika_Salo,Mika,Salo
63,64,diniz,\N,\N,1970-05-22,Brazilian,http://en.wikipedia.org/wiki/Pedro_Diniz,Pedro,Diniz
64,65,herbert,\N,\N,1964-06-25,British,http://en.wikipedia.org/wiki/Johnny_Herbert,Johnny,Herbert
65,66,mcnish,\N,\N,1969-12-29,British,http://en.wikipedia.org/wiki/Allan_McNish,Allan,McNish
66,67,buemi,\N,BUE,1988-10-31,Swiss,http://en.wikipedia.org/wiki/S%C3%A9bastien_Buemi,Sébastien,Buemi
67,68,takagi,\N,\N,1974-02-12,Japanese,http://en.wikipedia.org/wiki/Toranosuke_Takagi,Toranosuke,Takagi
68,69,badoer,\N,BAD,1971-01-25,Italian,http://en.wikipedia.org/wiki/Luca_Badoer,Luca,Badoer
69,70,zanardi,\N,\N,1966-10-23,Italian,http://en.wikipedia.org/wiki/Alex_Zanardi,Alessandro,Zanardi
70,71,damon_hill,\N,\N,1960-09-17,British,http://en.wikipedia.org/wiki/Damon_Hill,Damon,Hill
71,72,sarrazin,\N,\N,1975-11-02,French,http://en.wikipedia.org/wiki/St%C3%A9phane_Sarrazin,Stéphane,Sarrazin
72,73,rosset,\N,\N,1968-07-27,Brazilian,http://en.wikipedia.org/wiki/Ricardo_Rosset,Ricardo,Rosset
73,74,tuero,\N,\N,1978-04-22,Argentine,http://en.wikipedia.org/wiki/Esteban_Tuero,Esteban,Tuero
74,75,nakano,\N,\N,1971-04-01,Japanese,http://en.wikipedia.org/wiki/Shinji_Nakano,Shinji,Nakano
75,76,magnussen,\N,MAG,1973-07-04,Danish,http://en.wikipedia.org/wiki/Jan_Magnussen,Jan,Magnussen
76,77,berger,\N,\N,1959-08-27,Austrian,http://en.wikipedia.org/wiki/Gerhard_Berger,Gerhard,Berger
77,78,larini,\N,\N,1964-03-19,Italian,http://en.wikipedia.org/wiki/Nicola_Larini,Nicola,Larini
78,79,katayama,\N,\N,1963-05-29,Japanese,http://en.wikipedia.org/wiki/Ukyo_Katayama,Ukyo,Katayama
79,80,sospiri,\N,\N,1966-10-07,Italian,http://en.wikipedia.org/wiki/Vincenzo_Sospiri,Vincenzo,Sospiri
80,81,morbidelli,\N,\N,1968-01-13,Italian,http://en.wikipedia.org/wiki/Gianni_Morbidelli,Gianni,Morbidelli
81,82,fontana,\N,\N,1975-01-20,Argentine,http://en.wikipedia.org/wiki/Norberto_Fontana,Norberto,Fontana
82,83,lamy,\N,\N,1972-03-20,Portuguese,http://en.wikipedia.org/wiki/Pedro_Lamy,Pedro,Lamy
83,84,brundle,\N,\N,1959-06-01,British,http://en.wikipedia.org/wiki/Martin_Brundle,Martin,Brundle
84,85,montermini,\N,\N,1964-05-30,Italian,http://en.wikipedia.org/wiki/Andrea_Montermini,Andrea,Montermini
85,86,lavaggi,\N,\N,1958-02-18,Italian,http://en.wikipedia.org/wiki/Giovanni_Lavaggi,Giovanni,Lavaggi
86,87,blundell,\N,\N,1966-04-08,British,http://en.wikipedia.org/wiki/Mark_Blundell,Mark,Blundell
87,88,suzuki,\N,\N,1960-09-08,Japanese,http://en.wikipedia.org/wiki/Aguri_Suzuki,Aguri,Suzuki
88,89,inoue,\N,\N,1963-09-05,Japanese,http://en.wikipedia.org/wiki/Taki_Inoue,Taki,Inoue
89,90,moreno,\N,\N,1959-02-11,Brazilian,http://en.wikipedia.org/wiki/Roberto_Moreno,Roberto,Moreno
90,91,wendlinger,\N,\N,1968-12-20,Austrian,http://en.wikipedia.org/wiki/Karl_Wendlinger,Karl,Wendlinger
91,92,gachot,\N,\N,1962-12-23,Belgian,http://en.wikipedia.org/wiki/Bertrand_Gachot,Bertrand,Gachot
92,93,schiattarella,\N,\N,1967-11-17,Italian,http://en.wikipedia.org/wiki/Domenico_Schiattarella,Domenico,Schiattarella
93,94,martini,\N,\N,1961-04-23,Italian,http://en.wikipedia.org/wiki/Pierluigi_Martini,Pierluigi,Martini
94,95,mansell,\N,\N,1953-08-08,British,http://en.wikipedia.org/wiki/Nigel_Mansell,Nigel,Mansell
95,96,boullion,\N,\N,1969-12-27,French,http://en.wikipedia.org/wiki/Jean-Christophe_Boullion,Jean-Christophe,Boullion
96,97,papis,\N,\N,1969-10-03,Italian,http://en.wikipedia.org/wiki/Massimiliano_Papis,Massimiliano,Papis
97,98,deletraz,\N,\N,1963-10-01,Swiss,http://en.wikipedia.org/wiki/Jean-Denis_Deletraz,Jean-Denis,Délétraz
98,99,tarquini,\N,\N,1962-03-02,Italian,http://en.wikipedia.org/wiki/Gabriele_Tarquini,Gabriele,Tarquini
99,100,comas,\N,\N,1963-09-28,French,http://en.wikipedia.org/wiki/%C3%89rik_Comas,Érik,Comas
100,101,brabham,\N,\N,1965-09-05,Australian,http://en.wikipedia.org/wiki/David_Brabham,David,Brabham
101,102,senna,\N,\N,1960-03-21,Brazilian,http://en.wikipedia.org/wiki/Ayrton_Senna,Ayrton,Senna
102,103,bernard,\N,\N,1964-08-24,French,http://en.wikipedia.org/wiki/%C3%89ric_Bernard,Éric,Bernard
103,104,fittipaldi,\N,\N,1971-01-18,Brazilian,http://en.wikipedia.org/wiki/Christian_Fittipaldi,Christian,Fittipaldi
104,105,alboreto,\N,\N,1956-12-23,Italian,http://en.wikipedia.org/wiki/Michele_Alboreto,Michele,Alboreto
105,106,beretta,\N,\N,1969-11-23,Monegasque,http://en.wikipedia.org/wiki/Olivier_Beretta,Olivier,Beretta
106,107,ratzenberger,\N,\N,1960-07-04,Austrian,http://en.wikipedia.org/wiki/Roland_Ratzenberger,Roland,Ratzenberger
107,108,belmondo,\N,\N,1963-04-23,French,http://en.wikipedia.org/wiki/Paul_Belmondo,Paul,Belmondo
108,109,lehto,\N,\N,1966-01-31,Finnish,http://en.wikipedia.org/wiki/Jyrki_J%C3%A4rvilehto,Jyrki,Järvilehto
109,110,cesaris,\N,\N,1959-05-31,Italian,http://en.wikipedia.org/wiki/Andrea_de_Cesaris,Andrea,de Cesaris
110,111,gounon,\N,\N,1963-01-01,French,http://en.wikipedia.org/wiki/Jean-Marc_Gounon,Jean-Marc,Gounon
111,112,alliot,\N,\N,1954-07-27,French,http://en.wikipedia.org/wiki/Philippe_Alliot,Philippe,Alliot
112,113,adams,\N,\N,1969-11-19,Belgian,http://en.wikipedia.org/wiki/Philippe_Adams,Philippe,Adams
113,114,dalmas,\N,\N,1961-07-28,French,http://en.wikipedia.org/wiki/Yannick_Dalmas,Yannick,Dalmas
114,115,noda,\N,\N,1969-03-07,Japanese,http://en.wikipedia.org/wiki/Hideki_Noda,Hideki,Noda
115,116,lagorce,\N,\N,1968-09-01,French,http://en.wikipedia.org/wiki/Franck_Lagorce,Franck,Lagorce
116,117,prost,\N,\N,1955-02-24,French,http://en.wikipedia.org/wiki/Alain_Prost,Alain,Prost
117,118,warwick,\N,\N,1954-08-27,British,http://en.wikipedia.org/wiki/Derek_Warwick,Derek,Warwick
118,119,patrese,\N,\N,1954-04-17,Italian,http://en.wikipedia.org/wiki/Riccardo_Patrese,Riccardo,Patrese
119,120,barbazza,\N,\N,1963-04-02,Italian,http://en.wikipedia.org/wiki/Fabrizio_Barbazza,Fabrizio,Barbazza
120,121,andretti,\N,\N,1962-10-05,American,http://en.wikipedia.org/wiki/Michael_Andretti,Michael,Andretti
121,122,capelli,\N,\N,1963-05-24,Italian,http://en.wikipedia.org/wiki/Ivan_Capelli,Ivan,Capelli
122,123,boutsen,\N,\N,1957-07-13,Belgian,http://en.wikipedia.org/wiki/Thierry_Boutsen,Thierry,Boutsen
123,124,apicella,\N,\N,1965-10-07,Italian,http://en.wikipedia.org/wiki/Marco_Apicella,Marco,Apicella
124,125,naspetti,\N,\N,1968-02-24,Italian,http://en.wikipedia.org/wiki/Emanuele_Naspetti,Emanuele,Naspetti
125,126,toshio_suzuki,\N,\N,1955-03-10,Japanese,http://en.wikipedia.org/wiki/Toshio_Suzuki_(driver),Toshio,Suzuki
126,127,gugelmin,\N,\N,1963-04-20,Brazilian,http://en.wikipedia.org/wiki/Maur%C3%ADcio_Gugelmin,Maurício,Gugelmin
127,128,poele,\N,\N,1961-09-30,Belgian,http://en.wikipedia.org/wiki/Eric_van_de_Poele,Eric,van de Poele
128,129,grouillard,\N,\N,1958-09-02,French,http://en.wikipedia.org/wiki/Olivier_Grouillard,Olivier,Grouillard
129,130,chiesa,\N,\N,1964-05-06,Swiss,http://en.wikipedia.org/wiki/Andrea_Chiesa,Andrea,Chiesa
130,131,modena,\N,\N,1963-05-12,Italian,http://en.wikipedia.org/wiki/Stefano_Modena,Stefano,Modena
131,132,amati,\N,\N,1959-07-20,Italian,http://en.wikipedia.org/wiki/Giovanna_Amati,Giovanna,Amati
132,133,caffi,\N,\N,1964-03-18,Italian,http://en.wikipedia.org/wiki/Alex_Caffi,Alex,Caffi
133,134,bertaggia,\N,\N,1964-09-19,Italian,http://en.wikipedia.org/wiki/Enrico_Bertaggia,Enrico,Bertaggia
134,135,mccarthy,\N,\N,1961-03-03,British,http://en.wikipedia.org/wiki/Perry_McCarthy,Perry,McCarthy
135,136,lammers,\N,\N,1956-06-02,Dutch,http://en.wikipedia.org/wiki/Jan_Lammers,Jan,Lammers
136,137,piquet,\N,\N,1952-08-17,Brazilian,http://en.wikipedia.org/wiki/Nelson_Piquet,Nelson,Piquet
137,138,satoru_nakajima,\N,\N,1953-02-23,Japanese,http://en.wikipedia.org/wiki/Satoru_Nakajima,Satoru,Nakajima
138,139,pirro,\N,\N,1962-01-12,Italian,http://en.wikipedia.org/wiki/Emanuele_Pirro,Emanuele,Pirro
139,140,johansson,\N,\N,1956-09-08,Swedish,http://en.wikipedia.org/wiki/Stefan_Johansson,Stefan,Johansson
140,141,bailey,\N,\N,1961-10-09,British,http://en.wikipedia.org/wiki/Julian_Bailey,Julian,Bailey
141,142,chaves,\N,\N,1965-02-27,Portuguese,http://en.wikipedia.org/wiki/Pedro_Chaves,Pedro,Chaves
142,143,bartels,\N,\N,1968-03-08,German,http://en.wikipedia.org/wiki/Michael_Bartels,Michael,Bartels
143,144,hattori,\N,\N,1966-06-13,Japanese,http://en.wikipedia.org/wiki/Naoki_Hattori,Naoki,Hattori
144,145,nannini,\N,\N,1959-07-07,Italian,http://en.wikipedia.org/wiki/Alessandro_Nannini,Alessandro,Nannini
145,146,schneider,\N,\N,1964-07-20,German,http://en.wikipedia.org/wiki/Bernd_Schneider_(racecar_driver),Bernd,Schneider
146,147,barilla,\N,\N,1961-04-20,Italian,http://en.wikipedia.org/wiki/Paolo_Barilla,Paolo,Barilla
147,148,foitek,\N,\N,1965-03-27,Swiss,http://en.wikipedia.org/wiki/Gregor_Foitek,Gregor,Foitek
148,149,langes,\N,\N,1960-07-20,Italian,http://en.wikipedia.org/wiki/Claudio_Langes,Claudio,Langes
149,150,gary_brabham,\N,\N,1961-03-29,Australian,http://en.wikipedia.org/wiki/Gary_Brabham,Gary,Brabham
150,151,donnelly,\N,\N,1964-03-26,British,http://en.wikipedia.org/wiki/Martin_Donnelly_(racing_driver),Martin,Donnelly
151,152,giacomelli,\N,\N,1952-09-10,Italian,http://en.wikipedia.org/wiki/Bruno_Giacomelli,Bruno,Giacomelli
152,153,alguersuari,\N,ALG,1990-03-23,Spanish,http://en.wikipedia.org/wiki/Jaime_Alguersuari,Jaime,Alguersuari
153,154,grosjean,8,GRO,1986-04-17,French,http://en.wikipedia.org/wiki/Romain_Grosjean,Romain,Grosjean
154,155,kobayashi,10,KOB,1986-09-13,Japanese,http://en.wikipedia.org/wiki/Kamui_Kobayashi,Kamui,Kobayashi
155,156,palmer,\N,\N,1956-11-07,British,http://en.wikipedia.org/wiki/Jonathan_Palmer,Jonathan,Palmer
156,157,danner,\N,\N,1958-04-04,German,http://en.wikipedia.org/wiki/Christian_Danner,Christian,Danner
157,158,cheever,\N,\N,1958-01-10,American,http://en.wikipedia.org/wiki/Eddie_Cheever,Eddie,Cheever
158,159,sala,\N,\N,1959-05-15,Spanish,http://en.wikipedia.org/wiki/Luis_Perez-Sala,Luis,Pérez-Sala
159,160,ghinzani,\N,\N,1952-01-16,Italian,http://en.wikipedia.org/wiki/Piercarlo_Ghinzani,Piercarlo,Ghinzani
160,161,weidler,\N,\N,1962-03-18,German,http://en.wikipedia.org/wiki/Volker_Weidler,Volker,Weidler
161,162,raphanel,\N,\N,1961-05-27,French,http://en.wikipedia.org/wiki/Pierre-Henri_Raphanel,Pierre-Henri,Raphanel
162,163,arnoux,\N,\N,1948-07-04,French,http://en.wikipedia.org/wiki/Ren%C3%A9_Arnoux,René,Arnoux
163,164,joachim_winkelhock,\N,\N,1960-10-24,German,http://en.wikipedia.org/wiki/Joachim_Winkelhock,Joachim,Winkelhock
164,165,larrauri,\N,\N,1954-08-19,Argentine,http://en.wikipedia.org/wiki/Oscar_Larrauri,Oscar,Larrauri
165,166,streiff,\N,\N,1955-06-26,French,http://en.wikipedia.org/wiki/Philippe_Streiff,Philippe,Streiff
166,167,campos,\N,\N,1960-06-17,Spanish,http://en.wikipedia.org/wiki/Adri%C3%A1n_Campos,Adrián,Campos
167,168,schlesser,\N,\N,1948-09-12,French,http://en.wikipedia.org/wiki/Jean-Louis_Schlesser,Jean-Louis,Schlesser
168,169,fabre,\N,\N,1960-01-09,French,http://en.wikipedia.org/wiki/Pascal_Fabre,Pascal,Fabre
169,170,fabi,\N,\N,1955-03-09,Italian,http://en.wikipedia.org/wiki/Teo_Fabi,Teo,Fabi
170,171,forini,\N,\N,1958-09-22,Swiss,http://en.wikipedia.org/wiki/Franco_Forini,Franco,Forini
171,172,laffite,\N,\N,1943-11-21,French,http://en.wikipedia.org/wiki/Jacques_Laffite,Jacques,Laffite
172,173,angelis,\N,\N,1958-03-26,Italian,http://en.wikipedia.org/wiki/Elio_de_Angelis,Elio,de Angelis
173,174,dumfries,\N,\N,1958-04-26,British,http://en.wikipedia.org/wiki/Johnny_Dumfries,Johnny,Dumfries
174,175,tambay,\N,\N,1949-06-25,French,http://en.wikipedia.org/wiki/Patrick_Tambay,Patrick,Tambay
175,176,surer,\N,\N,1951-09-18,Swiss,http://en.wikipedia.org/wiki/Marc_Surer,Marc,Surer
176,177,keke_rosberg,\N,\N,1948-12-06,Finnish,http://en.wikipedia.org/wiki/Keke_Rosberg,Keke,Rosberg
177,178,jones,\N,\N,1946-11-02,Australian,http://en.wikipedia.org/wiki/Alan_Jones_(Formula_1),Alan,Jones
178,179,rothengatter,\N,\N,1954-10-08,Dutch,http://en.wikipedia.org/wiki/Huub_Rothengatter,Huub,Rothengatter
179,180,berg,\N,\N,1961-08-01,Canadian,http://en.wikipedia.org/wiki/Allen_Berg,Allen,Berg
180,181,manfred_winkelhock,\N,\N,1951-10-06,German,http://en.wikipedia.org/wiki/Manfred_Winkelhock,Manfred,Winkelhock
181,182,lauda,\N,\N,1949-02-22,Austrian,http://en.wikipedia.org/wiki/Niki_Lauda,Niki,Lauda
182,183,hesnault,\N,\N,1956-12-30,French,http://en.wikipedia.org/wiki/Fran%C3%A7ois_Hesnault,François,Hesnault
183,184,baldi,\N,\N,1954-01-31,Italian,http://en.wikipedia.org/wiki/Mauro_Baldi,Mauro,Baldi
184,185,bellof,\N,\N,1957-11-20,German,http://en.wikipedia.org/wiki/Stefan_Bellof,Stefan,Bellof
185,186,acheson,\N,\N,1957-11-27,British,http://en.wikipedia.org/wiki/Kenny_Acheson,Kenny,Acheson
186,187,watson,\N,\N,1946-05-04,British,http://en.wikipedia.org/wiki/John_Watson_(racing_driver),John,Watson
187,188,cecotto,\N,\N,1956-01-25,Venezuelan,http://en.wikipedia.org/wiki/Johnny_Cecotto,Johnny,Cecotto
188,189,gartner,\N,\N,1954-01-24,Austrian,http://en.wikipedia.org/wiki/Jo_Gartner,Jo,Gartner
189,190,corrado_fabi,\N,\N,1961-04-12,Italian,http://en.wikipedia.org/wiki/Corrado_Fabi,Corrado,Fabi
190,191,thackwell,\N,\N,1961-03-30,New Zealander,http://en.wikipedia.org/wiki/Mike_Thackwell,Mike,Thackwell
191,192,serra,\N,\N,1957-02-03,Brazilian,http://en.wikipedia.org/wiki/Chico_Serra,Chico,Serra
192,193,sullivan,\N,\N,1950-03-09,American,http://en.wikipedia.org/wiki/Danny_Sullivan,Danny,Sullivan
193,194,salazar,\N,\N,1954-11-14,Chilean,http://en.wikipedia.org/wiki/Eliseo_Salazar,Eliseo,Salazar
194,195,guerrero,\N,\N,1958-11-16,Colombian,http://en.wikipedia.org/wiki/Roberto_Guerrero,Roberto,Guerrero
195,196,boesel,\N,\N,1957-12-04,Brazilian,http://en.wikipedia.org/wiki/Raul_Boesel,Raul,Boesel
196,197,jarier,\N,\N,1946-07-10,French,http://en.wikipedia.org/wiki/Jean-Pierre_Jarier,Jean-Pierre,Jarier
197,198,villeneuve_sr,\N,\N,1953-11-04,Canadian,http://en.wikipedia.org/wiki/Jacques_Villeneuve_(elder),Jacques,Villeneuve Sr.
198,199,reutemann,\N,\N,1942-04-12,Argentine,http://en.wikipedia.org/wiki/Carlos_Reutemann,Carlos,Reutemann
199,200,mass,\N,\N,1946-09-30,German,http://en.wikipedia.org/wiki/Jochen_Mass,Jochen,Mass
200,201,borgudd,\N,\N,1946-11-25,Swedish,http://en.wikipedia.org/wiki/Slim_Borgudd,Slim,Borgudd
201,202,pironi,\N,\N,1952-03-26,French,http://en.wikipedia.org/wiki/Didier_Pironi,Didier,Pironi
202,203,gilles_villeneuve,\N,\N,1950-01-18,Canadian,http://en.wikipedia.org/wiki/Gilles_Villeneuve,Gilles,Villeneuve
203,204,paletti,\N,\N,1958-06-15,Italian,http://en.wikipedia.org/wiki/Riccardo_Paletti,Riccardo,Paletti
204,205,henton,\N,\N,1946-09-19,British,http://en.wikipedia.org/wiki/Brian_Henton,Brian,Henton
205,206,daly,\N,\N,1953-03-11,Irish,http://en.wikipedia.org/wiki/Derek_Daly,Derek,Daly
206,207,mario_andretti,\N,\N,1940-02-28,American,http://en.wikipedia.org/wiki/Mario_Andretti,Mario,Andretti
207,208,villota,\N,\N,1946-07-26,Spanish,http://en.wikipedia.org/wiki/Emilio_de_Villota,Emilio,de Villota
208,209,lees,\N,\N,1951-05-01,British,http://en.wikipedia.org/wiki/Geoff_Lees,Geoff,Lees
209,210,byrne,\N,\N,1958-05-06,Irish,http://en.wikipedia.org/wiki/Tommy_Byrne_%28racing_driver%29,Tommy,Byrne
210,211,keegan,\N,\N,1955-02-26,British,http://en.wikipedia.org/wiki/Rupert_Keegan,Rupert,Keegan
211,212,rebaque,\N,\N,1956-02-05,Mexican,http://en.wikipedia.org/wiki/Hector_Rebaque,Hector,Rebaque
212,213,gabbiani,\N,\N,1957-01-02,Italian,http://en.wikipedia.org/wiki/Beppe_Gabbiani,Beppe,Gabbiani
213,214,cogan,\N,\N,1956-03-31,American,http://en.wikipedia.org/wiki/Kevin_Cogan,Kevin,Cogan
214,215,guerra,\N,\N,1953-08-31,Argentine,http://en.wikipedia.org/wiki/Miguel_Angel_Guerra,Miguel Ángel,Guerra
215,216,stohr,\N,\N,1952-10-10,Italian,http://en.wikipedia.org/wiki/Siegfried_Stohr,Siegfried,Stohr
216,217,zunino,\N,\N,1949-04-13,Argentine,http://en.wikipedia.org/wiki/Ricardo_Zunino,Ricardo,Zunino
217,218,londono,\N,\N,1949-08-08,Colombian,http://en.wikipedia.org/wiki/Ricardo_Londo%C3%B1o,Ricardo,Londoño
218,219,jabouille,\N,\N,1942-10-01,French,http://en.wikipedia.org/wiki/Jean-Pierre_Jabouille,Jean-Pierre,Jabouille
219,220,francia,\N,\N,1947-11-08,Italian,http://en.wikipedia.org/wiki/Giorgio_Francia,Giorgio,Francia
220,221,depailler,\N,\N,1944-08-09,French,http://en.wikipedia.org/wiki/Patrick_Depailler,Patrick,Depailler
221,222,scheckter,\N,\N,1950-01-29,South African,http://en.wikipedia.org/wiki/Jody_Scheckter,Jody,Scheckter
222,223,regazzoni,\N,\N,1939-09-05,Swiss,http://en.wikipedia.org/wiki/Clay_Regazzoni,Clay,Regazzoni
223,224,emerson_fittipaldi,\N,\N,1946-12-12,Brazilian,http://en.wikipedia.org/wiki/Emerson_Fittipaldi,Emerson,Fittipaldi
224,225,kennedy,\N,\N,1953-01-15,Irish,http://en.wikipedia.org/wiki/David_Kennedy_(racing_driver),Dave,Kennedy
225,226,south,\N,\N,1952-02-19,British,http://en.wikipedia.org/wiki/Stephen_South,Stephen,South
226,227,needell,\N,\N,1951-10-29,British,http://en.wikipedia.org/wiki/Tiff_Needell,Tiff,Needell
227,228,desire_wilson,\N,\N,1953-11-26,South African,http://en.wikipedia.org/wiki/Desir%C3%A9_Wilson,Desiré,Wilson
228,229,ertl,\N,\N,1948-08-31,Austrian,http://en.wikipedia.org/wiki/Harald_Ertl,Harald,Ertl
229,230,brambilla,\N,\N,1937-11-11,Italian,http://en.wikipedia.org/wiki/Vittorio_Brambilla,Vittorio,Brambilla
230,231,hunt,\N,\N,1947-08-29,British,http://en.wikipedia.org/wiki/James_Hunt,James,Hunt
231,232,merzario,\N,\N,1943-03-11,Italian,http://en.wikipedia.org/wiki/Arturo_Merzario,Arturo,Merzario
232,233,stuck,\N,\N,1951-01-01,German,http://en.wikipedia.org/wiki/Hans_Joachim_Stuck,Hans-Joachim,Stuck
233,234,brancatelli,\N,\N,1950-01-18,Italian,http://en.wikipedia.org/wiki/Gianfranco_Brancatelli,Gianfranco,Brancatelli
234,235,ickx,\N,\N,1945-01-01,Belgian,http://en.wikipedia.org/wiki/Jacky_Ickx,Jacky,Ickx
235,236,gaillard,\N,\N,1952-02-12,French,http://en.wikipedia.org/wiki/Patrick_Gaillard,Patrick,Gaillard
236,237,ribeiro,\N,\N,1948-11-07,Brazilian,http://en.wikipedia.org/wiki/Alex_Ribeiro,Alex,Ribeiro
237,238,peterson,\N,\N,1944-02-14,Swedish,http://en.wikipedia.org/wiki/Ronnie_Peterson,Ronnie,Peterson
238,239,lunger,\N,\N,1945-11-14,American,http://en.wikipedia.org/wiki/Brett_Lunger,Brett,Lunger
239,240,ongais,\N,\N,1942-05-21,American,http://en.wikipedia.org/wiki/Danny_Ongais,Danny,Ongais
240,241,leoni,\N,\N,1953-05-24,Italian,http://en.wikipedia.org/wiki/Lamberto_Leoni,Lamberto,Leoni
241,242,galica,\N,\N,1944-08-13,British,http://en.wikipedia.org/wiki/Divina_Galica,Divina,Galica
242,243,stommelen,\N,\N,1943-07-11,German,http://en.wikipedia.org/wiki/Rolf_Stommelen,Rolf,Stommelen
243,244,colombo,\N,\N,1946-02-23,Italian,http://en.wikipedia.org/wiki/Alberto_Colombo,Alberto,Colombo
244,245,trimmer,\N,\N,1943-01-24,British,http://en.wikipedia.org/wiki/Tony_Trimmer,Tony,Trimmer
245,246,binder,\N,\N,1948-06-12,Austrian,http://en.wikipedia.org/wiki/Hans_Binder,Hans,Binder
246,247,bleekemolen,\N,\N,1949-10-02,Dutch,http://en.wikipedia.org/wiki/Michael_Bleekemolen,Michael,Bleekemolen
247,248,gimax,\N,\N,1938-01-01,Italian,http://en.wikipedia.org/wiki/Gimax,Carlo,Franchi
248,249,rahal,\N,\N,1953-01-10,American,http://en.wikipedia.org/wiki/Bobby_Rahal,Bobby,Rahal
249,250,pace,\N,\N,1944-10-06,Brazilian,http://en.wikipedia.org/wiki/Carlos_Pace,Carlos,Pace
250,251,ian_scheckter,\N,\N,1947-08-22,South African,http://en.wikipedia.org/wiki/Ian_Scheckter,Ian,Scheckter
251,252,pryce,\N,\N,1949-06-11,British,http://en.wikipedia.org/wiki/Tom_Pryce,Tom,Pryce
252,253,hoffmann,\N,\N,1953-02-28,Brazilian,http://en.wikipedia.org/wiki/Ingo_Hoffmann,Ingo,Hoffmann
253,254,zorzi,\N,\N,1946-12-12,Italian,http://en.wikipedia.org/wiki/Renzo_Zorzi,Renzo,Zorzi
254,255,nilsson,\N,\N,1948-11-20,Swedish,http://en.wikipedia.org/wiki/Gunnar_Nilsson,Gunnar,Nilsson
255,256,perkins,\N,\N,1950-03-18,Australian,http://en.wikipedia.org/wiki/Larry_Perkins,Larry,Perkins
256,257,hayje,\N,\N,1949-05-03,Dutch,http://en.wikipedia.org/wiki/Boy_Hayje,Boy,Lunger
257,258,neve,\N,\N,1949-10-13,Belgian,http://en.wikipedia.org/wiki/Patrick_Neve,Patrick,Nève
258,259,purley,\N,\N,1945-01-26,British,http://en.wikipedia.org/wiki/David_Purley,David,Purley
259,260,andersson,\N,\N,1939-12-28,Swedish,http://en.wikipedia.org/wiki/Conny_Andersson_(racing_driver),Conny,Andersson
260,261,dryver,\N,\N,1952-09-19,Belgian,http://en.wikipedia.org/wiki/Bernard_de_Dryver,Bernard,de Dryver
261,262,oliver,\N,\N,1942-08-14,British,http://en.wikipedia.org/wiki/Jackie_Oliver,Jackie,Oliver
262,263,kozarowitzky,\N,\N,1948-05-17,Finnish,http://en.wikipedia.org/wiki/Mikko_Kozarowitzky,Mikko,Kozarowitzky
263,264,sutcliffe,\N,\N,1947-05-09,British,http://en.wikipedia.org/wiki/Andy_Sutcliffe,Andy,Sutcliffe
264,265,edwards,\N,\N,1942-12-30,British,http://en.wikipedia.org/wiki/Guy_Edwards,Guy,Edwards
265,266,mcguire,\N,\N,1945-12-13,Australian,http://en.wikipedia.org/wiki/Brian_McGuire,Brian,McGuire
266,267,schuppan,\N,\N,1943-03-19,Australian,http://en.wikipedia.org/wiki/Vern_Schuppan,Vern,Schuppan
267,268,heyer,\N,\N,1943-03-16,German,http://en.wikipedia.org/wiki/Hans_Heyer,Hans,Heyer
268,269,pilette,\N,\N,1942-07-26,Belgian,http://en.wikipedia.org/wiki/Teddy_Pilette,Teddy,Pilette
269,270,ashley,\N,\N,1947-10-26,British,http://en.wikipedia.org/wiki/Ian_Ashley,Ian,Ashley
270,271,kessel,\N,\N,1950-04-01,Swiss,http://en.wikipedia.org/wiki/Loris_Kessel,Loris,Kessel
271,272,takahashi,\N,\N,1940-01-29,Japanese,http://en.wikipedia.org/wiki/Kunimitsu_Takahashi,Kunimitsu,Takahashi
272,273,hoshino,\N,\N,1947-07-01,Japanese,http://en.wikipedia.org/wiki/Kazuyoshi_Hoshino,Kazuyoshi,Hoshino
273,274,takahara,\N,\N,1951-06-06,Japanese,http://en.wikipedia.org/wiki/Noritake_Takahara,Noritake,Takahara
274,275,lombardi,\N,\N,1941-03-26,Italian,http://en.wikipedia.org/wiki/Lella_Lombardi,Lella,Lombardi
275,276,evans,\N,\N,1947-06-11,British,http://en.wikipedia.org/wiki/Bob_Evans_(race_driver),Bob,Evans
276,277,leclere,\N,\N,1946-03-18,French,http://en.wikipedia.org/wiki/Michel_Lecl%C3%A8re,Michel,Leclère
277,278,amon,\N,\N,1943-07-20,New Zealander,http://en.wikipedia.org/wiki/Chris_Amon,Chris,Amon
278,279,zapico,\N,\N,1944-05-27,Spanish,http://en.wikipedia.org/wiki/Emilio_Zapico,Emilio,Zapico
279,280,pescarolo,\N,\N,1942-09-25,French,http://en.wikipedia.org/wiki/Henri_Pescarolo,Henri,Pescarolo
280,281,nelleman,\N,\N,1944-04-19,Danish,http://en.wikipedia.org/wiki/Jac_Nelleman,Jac,Nelleman
281,282,magee,\N,\N,1945-11-17,British,http://en.wikipedia.org/wiki/Damien_Magee,Damien,Magee
282,283,wilds,\N,\N,1946-01-07,British,http://en.wikipedia.org/wiki/Mike_Wilds,Mike,Wilds
283,284,pesenti_rossi,\N,\N,1942-08-31,Italian,http://en.wikipedia.org/wiki/Alessandro_Pesenti-Rossi,Alessandro,Pesenti-Rossi
284,285,stuppacher,\N,\N,1947-03-03,Austrian,http://en.wikipedia.org/wiki/Otto_Stuppacher,Otto,Stuppacher
285,286,brown,\N,\N,1949-12-24,Australian,http://en.wikipedia.org/wiki/Warwick_Brown,Warwick,Brown
286,287,hasemi,\N,\N,1945-11-13,Japanese,http://en.wikipedia.org/wiki/Masahiro_Hasemi,Masahiro,Hasemi
287,288,donohue,\N,\N,1937-03-18,American,http://en.wikipedia.org/wiki/Mark_Donohue,Mark,Donohue
288,289,hill,\N,\N,1929-02-15,British,http://en.wikipedia.org/wiki/Graham_Hill,Graham,Hill
289,290,wilson_fittipaldi,\N,\N,1943-12-25,Brazilian,http://en.wikipedia.org/wiki/Wilson_Fittipaldi,Wilson,Fittipaldi
290,291,tunmer,\N,\N,1948-12-01,South African,http://en.wikipedia.org/wiki/Guy_Tunmer,Guy,Tunmer
291,292,keizan,\N,\N,1944-09-12,South African,http://en.wikipedia.org/wiki/Eddie_Keizan,Eddie,Keizan
292,293,charlton,\N,\N,1936-10-27,South African,http://en.wikipedia.org/wiki/Dave_Charlton,Dave,Charlton
293,294,brise,\N,\N,1952-03-28,British,http://en.wikipedia.org/wiki/Tony_Brise,Tony,Brise
294,295,wunderink,\N,\N,1948-12-12,Dutch,http://en.wikipedia.org/wiki/Roelof_Wunderink,Roelof,Wunderink
295,296,migault,\N,\N,1944-12-04,French,http://en.wikipedia.org/wiki/Fran%C3%A7ois_Migault,François,Migault
296,297,palm,\N,\N,1947-07-23,Swedish,http://en.wikipedia.org/wiki/Torsten_Palm,Torsten,Palm
297,298,lennep,\N,\N,1942-03-16,Dutch,http://en.wikipedia.org/wiki/Gijs_Van_Lennep,Gijs,van Lennep
298,299,fushida,\N,\N,1946-03-10,Japanese,http://en.wikipedia.org/wiki/Hiroshi_Fushida,Hiroshi,Fushida
299,300,nicholson,\N,\N,1941-10-06,New Zealander,http://en.wikipedia.org/wiki/John_Nicholson_(racing_driver),John,Nicholson
300,301,morgan,\N,\N,1944-08-07,British,http://en.wikipedia.org/wiki/Dave_Morgan_(racing_driver),Dave,Morgan
301,302,crawford,\N,\N,1948-02-13,British,http://en.wikipedia.org/wiki/Jim_Crawford_(driver),Jim,Crawford
302,303,vonlanthen,\N,\N,1942-05-31,Swiss,http://en.wikipedia.org/wiki/Jo_Vonlanthen,Jo,Vonlanthen
303,304,hulme,\N,\N,1936-06-18,New Zealander,http://en.wikipedia.org/wiki/Denny_Hulme,Denny,Hulme
304,305,hailwood,\N,\N,1940-04-02,British,http://en.wikipedia.org/wiki/Mike_Hailwood,Mike,Hailwood
305,306,beltoise,\N,\N,1937-04-26,French,http://en.wikipedia.org/wiki/Jean-Pierre_Beltoise,Jean-Pierre,Beltoise
306,307,ganley,\N,\N,1941-12-24,New Zealander,http://en.wikipedia.org/wiki/Howden_Ganley,Howden,Ganley
307,308,robarts,\N,\N,1944-09-22,British,http://en.wikipedia.org/wiki/Richard_Robarts,Richard,Robarts
308,309,revson,\N,\N,1939-02-27,American,http://en.wikipedia.org/wiki/Peter_Revson,Peter,Revson
309,310,driver,\N,\N,1934-05-13,South African,http://en.wikipedia.org/wiki/Paddy_Driver,Paddy,Driver
310,311,belso,\N,\N,1942-08-27,Danish,http://en.wikipedia.org/wiki/Tom_Bels%C3%B8,Tom,Belsø
311,312,redman,\N,\N,1937-03-09,British,http://en.wikipedia.org/wiki/Brian_Redman,Brian,Redman
312,313,opel,\N,\N,1947-10-14,Liechtensteiner,http://en.wikipedia.org/wiki/Rikky_von_Opel,Rikky,von Opel
313,314,schenken,\N,\N,1943-09-26,Australian,http://en.wikipedia.org/wiki/Tim_Schenken,Tim,Schenken
314,315,larrousse,\N,\N,1940-05-23,French,http://en.wikipedia.org/wiki/G%C3%A9rard_Larrousse,Gérard,Larrousse
315,316,kinnunen,\N,\N,1943-08-05,Finnish,http://en.wikipedia.org/wiki/Leo_Kinnunen,Leo,Kinnunen
316,317,wisell,\N,\N,1941-09-30,Swedish,http://en.wikipedia.org/wiki/Reine_Wisell,Reine,Wisell
317,318,roos,\N,\N,1943-10-12,Swedish,http://en.wikipedia.org/wiki/Bertil_Roos,Bertil,Roos
318,319,dolhem,\N,\N,1944-04-26,French,http://en.wikipedia.org/wiki/Jos%C3%A9_Dolhem,José,Dolhem
319,320,gethin,\N,\N,1940-02-21,British,http://en.wikipedia.org/wiki/Peter_Gethin,Peter,Gethin
320,321,bell,\N,\N,1941-10-31,British,http://en.wikipedia.org/wiki/Derek_Bell_(auto_racer),Derek,Bell
321,322,hobbs,\N,\N,1939-06-09,British,http://en.wikipedia.org/wiki/David_Hobbs_(racing_driver),David,Hobbs
322,323,quester,\N,\N,1939-05-30,Austrian,http://en.wikipedia.org/wiki/Dieter_Quester,Dieter,Quester
323,324,koinigg,\N,\N,1948-11-03,Austrian,http://en.wikipedia.org/wiki/Helmuth_Koinigg,Helmuth,Koinigg
324,325,facetti,\N,\N,1935-06-26,Italian,http://en.wikipedia.org/wiki/Carlo_Facetti,Carlo,Facetti
325,326,wietzes,\N,\N,1938-05-28,Canadian,http://en.wikipedia.org/wiki/Eppie_Wietzes,Eppie,Wietzes
326,327,cevert,\N,\N,1944-02-25,French,http://en.wikipedia.org/wiki/Fran%C3%A7ois_Cevert,François,Cevert
327,328,stewart,\N,\N,1939-06-11,British,http://en.wikipedia.org/wiki/Jackie_Stewart,Jackie,Stewart
328,329,beuttler,\N,\N,1940-04-13,British,http://en.wikipedia.org/wiki/Mike_Beuttler,Mike,Beuttler
329,330,galli,\N,\N,1940-10-02,Italian,http://en.wikipedia.org/wiki/Nanni_Galli,Nanni,Galli
330,331,bueno,\N,\N,1937-01-16,Brazilian,http://en.wikipedia.org/wiki/Luiz_Bueno,Luiz,Bueno
331,332,follmer,\N,\N,1934-01-27,American,http://en.wikipedia.org/wiki/George_Follmer,George,Follmer
332,333,adamich,\N,\N,1941-10-03,Italian,http://en.wikipedia.org/wiki/Andrea_de_Adamich,Andrea,de Adamich
333,334,pretorius,\N,\N,1934-11-22,South African,http://en.wikipedia.org/wiki/Jackie_Pretorius,Jackie,Pretorius
334,335,williamson,\N,\N,1948-02-02,British,http://en.wikipedia.org/wiki/Roger_Williamson,Roger,Williamson
335,336,mcrae,\N,\N,1940-03-05,New Zealander,http://en.wikipedia.org/wiki/Graham_McRae,Graham,McRae
336,337,marko,\N,\N,1943-04-27,Austrian,http://en.wikipedia.org/wiki/Helmut_Marko,Helmut,Marko
337,338,walker,\N,\N,1941-06-10,Australian,http://en.wikipedia.org/wiki/David_Walker_(racing_driver),David,Walker
338,339,roig,\N,\N,1932-10-29,Spanish,http://en.wikipedia.org/wiki/Alex_Soler-Roig,Alex,Soler-Roig
339,340,love,\N,\N,1924-12-07,Rhodesian,http://en.wikipedia.org/wiki/John_Love_(racing_driver),John,Love
340,341,surtees,\N,\N,1934-02-11,British,http://en.wikipedia.org/wiki/John_Surtees,John,Surtees
341,342,barber,\N,\N,1936-11-16,American,http://en.wikipedia.org/wiki/Skip_Barber,Skip,Barber
342,343,brack,\N,\N,1935-12-26,Canadian,http://en.wikipedia.org/wiki/Bill_Brack,Bill,Brack
343,344,posey,\N,\N,1944-05-26,American,http://en.wikipedia.org/wiki/Sam_Posey,Sam,Posey
344,345,rodriguez,\N,\N,1940-01-18,Mexican,http://en.wikipedia.org/wiki/Pedro_Rodr%C3%ADguez_(racing_driver),Pedro,Rodríguez
345,346,siffert,\N,\N,1936-07-07,Swiss,http://en.wikipedia.org/wiki/Jo_Siffert,Jo,Siffert
346,347,bonnier,\N,\N,1930-01-31,Swedish,http://en.wikipedia.org/wiki/Joakim_Bonnier,Jo,Bonnier
347,348,mazet,\N,\N,1943-02-24,French,http://en.wikipedia.org/wiki/Fran%C3%A7ois_Mazet,François,Mazet
348,349,jean,\N,\N,1943-07-27,French,http://en.wikipedia.org/wiki/Max_Jean,Max,Jean
349,350,elford,\N,\N,1935-06-10,British,http://en.wikipedia.org/wiki/Vic_Elford,Vic,Elford
350,351,moser,\N,\N,1941-04-24,Swiss,http://en.wikipedia.org/wiki/Silvio_Moser,Silvio,Moser
351,352,eaton,\N,\N,1945-11-12,Canadian,http://en.wikipedia.org/wiki/George_Eaton,George,Eaton
352,353,lovely,\N,\N,1926-04-11,American,http://en.wikipedia.org/wiki/Pete_Lovely,Pete,Lovely
353,354,craft,\N,\N,1939-11-17,British,http://en.wikipedia.org/wiki/Chris_Craft_(racing_driver),Chris,Craft
354,355,Cannoc,\N,\N,1933-06-21,Canadian,http://en.wikipedia.org/wiki/John_Cannon_(auto_racer),John,Cannon
355,356,jack_brabham,\N,\N,1926-04-02,Australian,http://en.wikipedia.org/wiki/Jack_Brabham,Jack,Brabham
356,357,miles,\N,\N,1943-06-14,British,http://en.wikipedia.org/wiki/John_Miles_(auto_racer),John,Miles
357,358,rindt,\N,\N,1942-04-18,Austrian,http://en.wikipedia.org/wiki/Jochen_Rindt,Jochen,Rindt
358,359,gavin,\N,\N,1942-01-18,French,http://en.wikipedia.org/wiki/Johnny_Servoz-Gavin,Johnny,Servoz-Gavin
359,360,mclaren,\N,\N,1937-08-30,New Zealander,http://en.wikipedia.org/wiki/Bruce_McLaren,Bruce,McLaren
360,361,courage,\N,\N,1942-05-27,British,http://en.wikipedia.org/wiki/Piers_Courage,Piers,Courage
361,362,klerk,\N,\N,1935-03-16,South African,http://en.wikipedia.org/wiki/Peter_de_Klerk,Peter,de Klerk
362,363,giunti,\N,\N,1941-08-30,Italian,http://en.wikipedia.org/wiki/Ignazio_Giunti,Ignazio,Giunti
363,364,gurney,\N,\N,1931-04-13,American,http://en.wikipedia.org/wiki/Dan_Gurney,Dan,Gurney
364,365,hahne,\N,\N,1935-03-28,German,http://en.wikipedia.org/wiki/Hubert_Hahne,Hubert,Hahne
365,366,hutchison,\N,\N,1937-04-26,American,http://en.wikipedia.org/wiki/Gus_Hutchison,Gus,Hutchison
366,367,westbury,\N,\N,1938-05-26,British,http://en.wikipedia.org/wiki/Peter_Westbury,Peter,Westbury
367,368,tingle,\N,\N,1921-08-24,Rhodesian,http://en.wikipedia.org/wiki/Sam_Tingle,Sam,Tingle
368,369,rooyen,\N,\N,1939-04-19,South African,http://en.wikipedia.org/wiki/Basil_van_Rooyen,Basil,van Rooyen
369,370,attwood,\N,\N,1940-04-04,British,http://en.wikipedia.org/wiki/Richard_Attwood,Richard,Attwood
370,371,pease,\N,\N,1921-10-15,Canadian,http://en.wikipedia.org/wiki/Al_Pease,Al,Pease
371,372,cordts,\N,\N,1935-07-23,Canadian,http://en.wikipedia.org/wiki/John_Cordts,John,Cordts
372,373,clark,\N,\N,1936-03-04,British,http://en.wikipedia.org/wiki/Jim_Clark,Jim,Clark
373,374,spence,\N,\N,1936-12-30,British,http://en.wikipedia.org/wiki/Mike_Spence,Mike,Spence
374,375,scarfiotti,\N,\N,1933-10-18,Italian,http://en.wikipedia.org/wiki/Ludovico_Scarfiotti,Ludovico,Scarfiotti
375,376,bianchi,\N,BIA,1934-11-10,Belgian,http://en.wikipedia.org/wiki/Lucien_Bianchi,Lucien,Bianchi
376,377,jo_schlesser,\N,\N,1928-05-18,French,http://en.wikipedia.org/wiki/Jo_Schlesser,Jo,Schlesser
377,378,widdows,\N,\N,1942-05-27,British,http://en.wikipedia.org/wiki/Robin_Widdows,Robin,Widdows
378,379,ahrens,\N,\N,1940-04-19,German,"http://en.wikipedia.org/wiki/Kurt_Ahrens,_Jr.",Kurt,Ahrens
379,380,gardner,\N,\N,1930-10-01,Australian,http://en.wikipedia.org/wiki/Frank_Gardner_(driver),Frank,Gardner
380,381,unser,\N,\N,1934-02-20,American,http://en.wikipedia.org/wiki/Bobby_Unser,Bobby,Unser
381,382,solana,\N,\N,1935-12-26,Mexican,http://en.wikipedia.org/wiki/Mois%C3%A9s_Solana,Moisés,Solana
382,383,anderson,\N,\N,1931-05-19,British,http://en.wikipedia.org/wiki/Bob_Anderson_(racing_driver),Bob,Anderson
383,384,botha,\N,\N,1930-01-16,South African,http://en.wikipedia.org/wiki/Luki_Botha,Luki,Botha
384,385,bandini,\N,\N,1935-12-21,Italian,http://en.wikipedia.org/wiki/Lorenzo_Bandini,Lorenzo,Bandini
385,386,ginther,\N,\N,1930-08-05,American,http://en.wikipedia.org/wiki/Richie_Ginther,Richie,Ginther
386,387,parkes,\N,\N,1931-09-24,British,http://en.wikipedia.org/wiki/Mike_Parkes,Mike,Parkes
387,388,irwin,\N,\N,1942-06-27,British,http://en.wikipedia.org/wiki/Chris_Irwin,Chris,Irwin
388,389,ligier,\N,\N,1930-07-12,French,http://en.wikipedia.org/wiki/Guy_Ligier,Guy,Ligier
389,390,rees,\N,\N,1938-01-12,British,http://en.wikipedia.org/wiki/Alan_Rees_(racing_driver),Alan,Rees
390,391,hart,\N,\N,1936-09-07,British,http://en.wikipedia.org/wiki/Brian_Hart,Brian,Hart
391,392,fisher,\N,\N,1943-03-13,American,http://en.wikipedia.org/wiki/Mike_Fisher_(driver),Mike,Fisher
392,393,tom_jones,\N,\N,1943-04-26,American,http://en.wikipedia.org/wiki/Tom_Jones_(auto_racer),Tom,Jones
393,394,baghetti,\N,\N,1934-12-25,Italian,http://en.wikipedia.org/wiki/Giancarlo_Baghetti,Giancarlo,Baghetti
394,395,williams,\N,\N,1942-10-26,British,http://en.wikipedia.org/wiki/Jonathan_Williams_(racing_driver),Jonathan,Williams
395,396,bondurant,\N,\N,1933-04-27,American,http://en.wikipedia.org/wiki/Bob_Bondurant,Bob,Bondurant
396,397,arundell,\N,\N,1933-11-08,British,http://en.wikipedia.org/wiki/Peter_Arundell,Peter,Arundell
397,398,vic_wilson,\N,\N,1931-04-14,British,http://en.wikipedia.org/wiki/Vic_Wilson_(motor_racing_driver),Vic,Wilson
398,399,taylor,\N,\N,1933-03-23,British,http://en.wikipedia.org/wiki/John_Taylor_(racer),John,Taylor
399,400,lawrence,\N,\N,1933-07-27,British,http://en.wikipedia.org/wiki/Chris_Lawrence_(racing_driver),Chris,Lawrence
400,401,trevor_taylor,\N,\N,1936-12-26,British,http://en.wikipedia.org/wiki/Trevor_Taylor,Trevor,Taylor
401,402,geki,\N,\N,1937-10-23,Italian,http://en.wikipedia.org/wiki/Geki_(driver),Giacomo,Russo
402,403,phil_hill,\N,\N,1927-04-20,American,http://en.wikipedia.org/wiki/Phil_Hill,Phil,Hill
403,404,ireland,\N,\N,1930-06-12,British,http://en.wikipedia.org/wiki/Innes_Ireland,Innes,Ireland
404,405,bucknum,\N,\N,1936-04-05,American,http://en.wikipedia.org/wiki/Ronnie_Bucknum,Ronnie,Bucknum
405,406,hawkins,\N,\N,1937-10-12,Australian,http://en.wikipedia.org/wiki/Paul_Hawkins_(racing_driver),Paul,Hawkins
406,407,prophet,\N,\N,1937-10-09,British,http://en.wikipedia.org/wiki/David_Prophet,David,Prophet
407,408,maggs,\N,\N,1937-02-09,South African,http://en.wikipedia.org/wiki/Tony_Maggs,Tony,Maggs
408,409,blokdyk,\N,\N,1935-11-30,South African,http://en.wikipedia.org/wiki/Trevor_Blokdyk,Trevor,Blokdyk
409,410,lederle,\N,\N,1938-09-25,South African,http://en.wikipedia.org/wiki/Neville_Lederle,Neville,Lederle
410,411,serrurier,\N,\N,1920-12-09,South African,http://en.wikipedia.org/wiki/Doug_Serrurier,Doug,Serrurier
411,412,niemann,\N,\N,1939-01-07,South African,http://en.wikipedia.org/wiki/Brausch_Niemann,Brausch,Niemann
412,413,pieterse,\N,\N,1938-07-04,South African,http://en.wikipedia.org/wiki/Ernie_Pieterse,Ernie,Pieterse
413,414,puzey,\N,\N,1941-07-11,Rhodesian,http://en.wikipedia.org/wiki/Clive_Puzey,Clive,Puzey
414,415,reed,\N,\N,1932-04-30,South African,http://en.wikipedia.org/wiki/Ray_Reed,Ray,Reed
415,416,clapham,\N,\N,1931-05-18,South African,http://en.wikipedia.org/wiki/David_Clapham,David,Clapham
416,417,blignaut,\N,\N,1932-11-30,South African,http://en.wikipedia.org/wiki/Alex_Blignaut,Alex,Blignaut
417,418,gregory,\N,\N,1932-02-29,American,http://en.wikipedia.org/wiki/Masten_Gregory,Masten,Gregory
418,419,rhodes,\N,\N,1927-08-18,British,http://en.wikipedia.org/wiki/John_Rhodes_(driver),John,Rhodes
419,420,raby,\N,\N,1921-09-22,British,http://en.wikipedia.org/wiki/Ian_Raby,Ian,Raby
420,421,rollinson,\N,\N,1943-05-15,British,http://en.wikipedia.org/wiki/Alan_Rollinson,Alan,Rollinson
421,422,gubby,\N,\N,1934-04-17,British,http://en.wikipedia.org/wiki/Brian_Gubby,Brian,Gubby
422,423,mitter,\N,\N,1935-08-30,German,http://en.wikipedia.org/wiki/Gerhard_Mitter,Gerhard,Mitter
423,424,bussinello,\N,\N,1927-10-04,Italian,http://en.wikipedia.org/wiki/Roberto_Bussinello,Roberto,Bussinello
424,425,vaccarella,\N,\N,1933-03-04,Italian,http://en.wikipedia.org/wiki/Nino_Vaccarella,Nino,Vaccarella
425,426,bassi,\N,\N,1934-01-20,Italian,http://en.wikipedia.org/wiki/Giorgio_Bassi,Giorgio,Bassi
426,427,trintignant,\N,\N,1917-10-30,French,http://en.wikipedia.org/wiki/Maurice_Trintignant,Maurice,Trintignant
427,428,collomb,\N,\N,1930-10-07,French,http://en.wikipedia.org/wiki/Bernard_Collomb,Bernard,Collomb
428,429,andre_pilette,\N,\N,1918-10-06,Belgian,http://en.wikipedia.org/wiki/Andr%C3%A9_Pilette,André,Pilette
429,430,beaufort,\N,\N,1934-04-10,Dutch,http://en.wikipedia.org/wiki/Carel_Godin_de_Beaufort,Carel Godin,de Beaufort
430,431,barth,\N,\N,1917-01-26,German,http://en.wikipedia.org/wiki/Edgar_Barth,Edgar,Barth
431,432,cabral,\N,\N,1934-01-15,Portuguese,http://en.wikipedia.org/wiki/Mario_de_Araujo_Cabral,Mário de Araújo,Cabral
432,433,hansgen,\N,\N,1919-10-28,American,http://en.wikipedia.org/wiki/Walt_Hansgen,Walt,Hansgen
433,434,sharp,\N,\N,1928-01-01,American,http://en.wikipedia.org/wiki/Hap_Sharp,Hap,Sharp
434,435,mairesse,\N,\N,1928-10-01,Belgian,http://en.wikipedia.org/wiki/Willy_Mairesse,Willy,Mairesse
435,436,campbell-jones,\N,\N,1930-01-21,British,http://en.wikipedia.org/wiki/John_Campbell-Jones,John,Campbell-Jones
436,437,burgess,\N,\N,1930-07-06,British,http://en.wikipedia.org/wiki/Ian_Burgess,Ian,Burgess
437,438,settember,\N,\N,1926-07-10,American,http://en.wikipedia.org/wiki/Tony_Settember,Tony,Settember
438,439,estefano,\N,\N,1932-11-18,Argentine,http://en.wikipedia.org/wiki/Nasif_Est%C3%A9fano,Nasif,Estéfano
439,440,hall,\N,\N,1935-07-23,American,http://en.wikipedia.org/wiki/Jim_Hall_(race_car_driver),Jim,Hall
440,441,parnell,\N,\N,1932-06-25,British,http://en.wikipedia.org/wiki/Tim_Parnell,Tim,Parnell
441,442,kuhnke,\N,\N,1910-04-30,German,http://en.wikipedia.org/wiki/Kurt_Kuhnke,Kurt,Kuhnke
442,443,ernesto_brambilla,\N,\N,1934-01-31,Italian,http://en.wikipedia.org/wiki/Ernesto_Brambilla,Ernesto,Brambilla
443,444,lippi,\N,\N,1926-10-17,Italian,http://en.wikipedia.org/wiki/Roberto_Lippi,Roberto,Lippi
444,445,seiffert,\N,\N,1937-10-18,German,http://en.wikipedia.org/wiki/G%C3%BCnther_Seiffert,Günther,Seiffert
445,446,abate,\N,\N,1932-07-10,Italian,http://en.wikipedia.org/wiki/Carlo_Mario_Abate,Carlo,Abate
446,447,starrabba,\N,\N,1932-12-03,Italian,http://en.wikipedia.org/wiki/Gaetano_Starrabba,Gaetano,Starrabba
447,448,broeker,\N,\N,1926-05-15,Canadian,http://en.wikipedia.org/wiki/Peter_Broeker,Peter,Broeker
448,449,ward,\N,\N,1921-01-10,American,http://en.wikipedia.org/wiki/Rodger_Ward,Rodger,Ward
449,450,vos,\N,\N,1941-07-01,Dutch,http://en.wikipedia.org/wiki/Ernie_de_Vos,Ernie,de Vos
450,451,dochnal,\N,\N,1920-10-08,American,http://en.wikipedia.org/wiki/Frank_Dochnal,Frank,Dochnal
451,452,monarch,\N,\N,1945-09-03,American,http://en.wikipedia.org/wiki/Talk:1963_Mexican_Grand_Prix#Who_was_Thomas_Monarch.3F,Thomas,Monarch
452,842,gasly,10,GAS,1996-02-07,French,http://en.wikipedia.org/wiki/Pierre_Gasly,Pierre,Gasly
453,453,lewis,\N,\N,1936-11-01,British,http://en.wikipedia.org/wiki/Jackie_Lewis,Jackie,Lewis
454,454,ricardo_rodriguez,\N,\N,1942-02-14,Mexican,http://en.wikipedia.org/wiki/Ricardo_Rodr%C3%ADguez_(Formula_One),Ricardo,Rodríguez
455,455,seidel,\N,\N,1926-07-04,German,http://en.wikipedia.org/wiki/Wolfgang_Seidel,Wolfgang,Seidel
456,456,salvadori,\N,\N,1922-05-12,British,http://en.wikipedia.org/wiki/Roy_Salvadori,Roy,Salvadori
457,457,pon,\N,\N,1936-12-09,Dutch,http://en.wikipedia.org/wiki/Ben_Pon,Ben,Pon
458,458,slotemaker,\N,\N,1929-06-13,Dutch,http://en.wikipedia.org/wiki/Rob_Slotemaker,Rob,Slotemaker
459,459,marsh,\N,\N,1931-07-20,British,http://en.wikipedia.org/wiki/Tony_Marsh_(racing_driver),Tony,Marsh
460,460,ashmore,\N,\N,1936-07-25,British,http://en.wikipedia.org/wiki/Gerry_Ashmore,Gerry,Ashmore
461,461,schiller,\N,\N,1930-01-25,Swiss,http://en.wikipedia.org/wiki/Heinz_Schiller,Heinz,Schiller
462,462,davis,\N,\N,1933-07-29,British,http://en.wikipedia.org/wiki/Colin_Davis_(driver),Colin,Davis
463,463,chamberlain,\N,\N,1925-12-29,American,http://en.wikipedia.org/wiki/Jay_Chamberlain,Jay,Chamberlain
464,464,shelly,\N,\N,1937-02-02,New Zealander,http://en.wikipedia.org/wiki/Tony_Shelly,Tony,Shelly
465,465,greene,\N,\N,1938-01-05,British,http://en.wikipedia.org/wiki/Keith_Greene,Keith,Greene
466,466,walter,\N,\N,1927-07-28,Swiss,http://en.wikipedia.org/wiki/Heini_Walter,Heini,Walter
467,467,prinoth,\N,\N,1923-04-15,Italian,http://en.wikipedia.org/wiki/Ernesto_Prinoth,Ernesto,Prinoth
468,468,penske,\N,\N,1937-02-20,American,http://en.wikipedia.org/wiki/Roger_Penske,Roger,Penske
469,469,schroeder,\N,\N,1926-05-11,British,http://en.wikipedia.org/wiki/Rob_Schroeder,Rob,Schroeder
470,470,mayer,\N,\N,1938-02-22,American,http://en.wikipedia.org/wiki/Timmy_Mayer,Timmy,Mayer
471,471,johnstone,\N,\N,1937-01-30,South African,http://en.wikipedia.org/wiki/Bruce_Johnstone_(racing_driver),Bruce,Johnstone
472,472,harris,\N,\N,1939-05-25,South African,http://en.wikipedia.org/wiki/Mike_Harris_(race_car_driver),Mike,Harris
473,473,hocking,\N,\N,1937-09-30,Rhodesian,http://en.wikipedia.org/wiki/Gary_Hocking,Gary,Hocking
474,474,vyver,\N,\N,1920-06-01,South African,http://en.wikipedia.org/wiki/Syd_van_der_Vyver,Syd,van der Vyver
475,475,moss,\N,\N,1929-09-17,British,http://en.wikipedia.org/wiki/Stirling_Moss,Stirling,Moss
476,476,trips,\N,\N,1928-05-04,German,http://en.wikipedia.org/wiki/Wolfgang_Graf_Berghe_von_Trips,Wolfgang,von Trips
477,477,allison,\N,\N,1932-02-08,British,http://en.wikipedia.org/wiki/Cliff_Allison,Cliff,Allison
478,478,herrmann,\N,\N,1928-02-23,German,http://en.wikipedia.org/wiki/Hans_Herrmann,Hans,Herrmann
479,479,brooks,\N,\N,1932-02-25,British,http://en.wikipedia.org/wiki/Tony_Brooks,Tony,Brooks
480,480,may,\N,\N,1934-08-18,Swiss,http://en.wikipedia.org/wiki/Michael_May_(racing_driver),Michael,May
481,481,henry_taylor,\N,\N,1932-12-16,British,http://en.wikipedia.org/wiki/Henry_Taylor_(racing_driver),Henry,Taylor
482,482,gendebien,\N,\N,1924-01-12,Belgian,http://en.wikipedia.org/wiki/Olivier_Gendebien,Olivier,Gendebien
483,483,scarlatti,\N,\N,1921-10-02,Italian,http://en.wikipedia.org/wiki/Giorgio_Scarlatti,Giorgio,Scarlatti
484,484,naylor,\N,\N,1923-03-24,British,http://en.wikipedia.org/wiki/Brian_Naylor,Brian,Naylor
485,485,bordeu,\N,\N,1934-01-28,Argentine,http://en.wikipedia.org/wiki/Juan_Manuel_Bordeu,Juan Manuel,Bordeu
486,486,fairman,\N,\N,1913-03-15,British,http://en.wikipedia.org/wiki/Jack_Fairman,Jack,Fairman
487,487,natili,\N,\N,1935-07-28,Italian,http://en.wikipedia.org/wiki/Massimo_Natili,Massimo,Natili
488,488,monteverdi,\N,\N,1934-06-07,Swiss,http://en.wikipedia.org/wiki/Peter_Monteverdi,Peter,Monteverdi
489,489,pirocchi,\N,\N,1933-03-26,Italian,http://en.wikipedia.org/wiki/Renato_Pirocchi,Renato,Pirocchi
490,490,duke,\N,\N,1923-03-29,British,http://en.wikipedia.org/wiki/Geoff_Duke,Geoff,Duke
491,491,thiele,\N,\N,1920-04-05,American-Italian,http://en.wikipedia.org/wiki/Alfonso_Thiele,Alfonso,Thiele
492,492,boffa,\N,\N,1930-01-04,Italian,http://en.wikipedia.org/wiki/Menato_Boffa,Menato,Boffa
493,493,ryan,\N,\N,1940-06-10,Canadian,http://en.wikipedia.org/wiki/Peter_Ryan_(driver),Peter,Ryan
494,494,ruby,\N,\N,1928-01-12,American,http://en.wikipedia.org/wiki/Lloyd_Ruby,Lloyd,Ruby
495,495,ken_miles,\N,\N,1918-11-01,British,http://en.wikipedia.org/wiki/Ken_Miles,Ken,Miles
496,496,menditeguy,\N,\N,1914-08-10,Argentine,http://en.wikipedia.org/wiki/Carlos_Menditeguy,Carlos,Menditeguy
497,497,larreta,\N,\N,1934-01-14,Argentine,http://en.wikipedia.org/wiki/Alberto_Rodriguez_Larreta,Alberto Rodriguez,Larreta
498,498,gonzalez,\N,\N,1922-10-05,Argentine,http://en.wikipedia.org/wiki/Jos%C3%A9_Froil%C3%A1n_Gonz%C3%A1lez,José Froilán,González
499,499,bonomi,\N,\N,1919-09-30,Argentine,http://en.wikipedia.org/wiki/Roberto_Bonomi,Roberto,Bonomi
500,500,munaron,\N,\N,1928-04-02,Italian,http://en.wikipedia.org/wiki/Gino_Munaron,Gino,Munaron
501,501,schell,\N,\N,1921-06-29,American,http://en.wikipedia.org/wiki/Harry_Schell,Harry,Schell
502,502,stacey,\N,\N,1933-08-29,British,http://en.wikipedia.org/wiki/Alan_Stacey,Alan,Stacey
503,503,chimeri,\N,\N,1921-06-04,Venezuelan,http://en.wikipedia.org/wiki/Ettore_Chimeri,Ettore,Chimeri
504,504,creus,\N,\N,1924-10-28,Spanish,http://en.wikipedia.org/wiki/Antonio_Creus,Antonio,Creus
505,505,bristow,\N,\N,1937-12-02,British,http://en.wikipedia.org/wiki/Chris_Bristow,Chris,Bristow
506,506,halford,\N,\N,1931-05-18,British,http://en.wikipedia.org/wiki/Bruce_Halford,Bruce,Halford
507,507,daigh,\N,\N,1923-11-29,American,http://en.wikipedia.org/wiki/Chuck_Daigh,Chuck,Daigh
508,508,reventlow,\N,\N,1936-02-24,American,http://en.wikipedia.org/wiki/Lance_Reventlow,Lance,Reventlow
509,509,rathmann,\N,\N,1928-07-16,American,http://en.wikipedia.org/wiki/Jim_Rathmann,Jim,Rathmann
510,510,goldsmith,\N,\N,1925-10-02,American,http://en.wikipedia.org/wiki/Paul_Goldsmith,Paul,Goldsmith
511,511,branson,\N,\N,1920-06-02,American,http://en.wikipedia.org/wiki/Don_Branson,Don,Branson
512,512,thomson,\N,\N,1922-04-09,American,http://en.wikipedia.org/wiki/Johnny_Thomson,Johnny,Thomson
513,513,johnson,\N,\N,1919-02-10,American,http://en.wikipedia.org/wiki/Eddie_Johnson_(auto_racer),Eddie,Johnson
514,514,veith,\N,\N,1926-11-01,American,http://en.wikipedia.org/wiki/Bob_Veith,Bob,Veith
515,515,tingelstad,\N,\N,1928-04-04,American,http://en.wikipedia.org/wiki/Bud_Tingelstad,Bud,Tingelstad
516,516,christie,\N,\N,1924-04-04,American,http://en.wikipedia.org/wiki/Bob_Christie_(racing_driver),Bob,Christie
517,517,amick,\N,\N,1929-01-19,American,http://en.wikipedia.org/wiki/Red_Amick,Red,Amick
518,518,darter,\N,\N,1913-05-05,American,http://en.wikipedia.org/wiki/Duane_Carter,Duane,Carter
519,519,homeier,\N,\N,1918-08-31,American,http://en.wikipedia.org/wiki/Bill_Homeier,Bill,Homeier
520,520,hartley,\N,\N,1926-01-28,American,http://en.wikipedia.org/wiki/Gene_Hartley,Gene,Hartley
521,521,stevenson,\N,\N,1919-10-15,American,http://en.wikipedia.org/wiki/Chuck_Stevenson,Chuck,Stevenson
522,522,grim,\N,\N,1924-09-04,American,http://en.wikipedia.org/wiki/Bobby_Grim,Bobby,Grim
523,523,templeman,\N,\N,1919-08-12,American,http://en.wikipedia.org/wiki/Shorty_Templeman,Shorty,Templeman
524,524,hurtubise,\N,\N,1932-12-05,American,http://en.wikipedia.org/wiki/Jim_Hurtubise,Jim,Hurtubise
525,525,bryan,\N,\N,1926-01-28,American,http://en.wikipedia.org/wiki/Jimmy_Bryan,Jimmy,Bryan
526,526,ruttman,\N,\N,1930-03-11,American,http://en.wikipedia.org/wiki/Troy_Ruttman,Troy,Ruttman
527,527,sachs,\N,\N,1927-05-28,American,http://en.wikipedia.org/wiki/Eddie_Sachs,Eddie,Sachs
528,528,freeland,\N,\N,1925-03-25,American,http://en.wikipedia.org/wiki/Don_Freeland,Don,Freeland
529,529,bettenhausen,\N,\N,1916-09-12,American,http://en.wikipedia.org/wiki/Tony_Bettenhausen,Tony,Bettenhausen
530,530,weiler,\N,\N,1934-12-09,American,http://en.wikipedia.org/wiki/Wayne_Weiler,Wayne,Weiler
531,531,foyt,\N,\N,1935-01-16,American,http://en.wikipedia.org/wiki/A.J._Foyt,Anthony,Foyt
532,532,russo,\N,\N,1925-11-19,American,http://en.wikipedia.org/wiki/Eddie_Russo,Eddie,Russo
533,533,boyd,\N,\N,1926-08-19,American,http://en.wikipedia.org/wiki/Johnny_Boyd,Johnny,Boyd
534,534,force,\N,\N,1916-06-15,American,http://en.wikipedia.org/wiki/Gene_Force,Gene,Force
535,535,mcwithey,\N,\N,1927-07-04,American,http://en.wikipedia.org/wiki/Jim_McWithey,Jim,McWithey
536,536,sutton,\N,\N,1925-08-09,American,http://en.wikipedia.org/wiki/Len_Sutton,Len,Sutton
537,537,dick_rathmann,\N,\N,1924-01-06,American,http://en.wikipedia.org/wiki/Dick_Rathmann,Dick,Rathmann
538,538,herman,\N,\N,1927-03-15,American,http://en.wikipedia.org/wiki/Al_Herman,Al,Herman
539,539,dempsey_wilson,\N,\N,1927-03-11,American,http://en.wikipedia.org/wiki/Dempsey_Wilson,Dempsey,Wilson
540,540,mike_taylor,\N,\N,1934-04-24,British,http://en.wikipedia.org/wiki/Mike_Taylor_(driver),Mike,Taylor
541,541,flockhart,\N,\N,1923-06-16,British,http://en.wikipedia.org/wiki/Ron_Flockhart_(auto_racing),Ron,Flockhart
542,542,piper,\N,\N,1930-12-02,British,http://en.wikipedia.org/wiki/David_Piper,David,Piper
543,543,cabianca,\N,\N,1923-02-19,Italian,http://en.wikipedia.org/wiki/Giulio_Cabianca,Giulio,Cabianca
544,544,drogo,\N,\N,1926-08-08,Italian,http://en.wikipedia.org/wiki/Piero_Drogo,Piero,Drogo
545,545,gamble,\N,\N,1932-03-17,American,http://en.wikipedia.org/wiki/Fred_Gamble_(racing_driver),Fred,Gamble
546,546,owen,\N,\N,1915-03-23,British,http://en.wikipedia.org/wiki/Arthur_Owen,Arthur,Owen
547,547,gould,\N,\N,1918-09-20,British,http://en.wikipedia.org/wiki/Horace_Gould,Horace,Gould
548,548,drake,\N,\N,1919-12-14,American,http://en.wikipedia.org/wiki/Bob_Drake_(Formula_One),Bob,Drake
549,549,bueb,\N,\N,1923-06-06,British,http://en.wikipedia.org/wiki/Ivor_Bueb,Ivor,Bueb
550,550,Changy,\N,\N,1922-02-05,Belgian,http://en.wikipedia.org/wiki/Alain_de_Changy,Alain,de Changy
551,551,filippis,\N,\N,1926-11-11,Italian,http://en.wikipedia.org/wiki/Maria_Teresa_de_Filippis,Maria,de Filippis
552,552,lucienbonnet,\N,\N,1923-01-07,French,http://en.wikipedia.org/wiki/Jean_Lucienbonnet,Jean,Lucienbonnet
553,553,testut,\N,\N,1926-04-13,Monegasque,http://en.wikipedia.org/wiki/Andr%C3%A9_Testut,André,Testut
554,554,behra,\N,\N,1921-02-16,French,http://en.wikipedia.org/wiki/Jean_Behra,Jean,Behra
555,555,paul_russo,\N,\N,1914-04-10,American,http://en.wikipedia.org/wiki/Paul_Russo,Paul,Russo
556,556,daywalt,\N,\N,1924-08-28,American,http://en.wikipedia.org/wiki/Jimmy_Daywalt,Jimmy,Daywalt
557,557,arnold,\N,\N,1926-05-30,American,http://en.wikipedia.org/wiki/Chuck_Arnold,Chuck,Arnold
558,558,keller,\N,\N,1920-04-11,American,http://en.wikipedia.org/wiki/Al_Keller,Al,Keller
559,559,flaherty,\N,\N,1926-01-06,American,http://en.wikipedia.org/wiki/Pat_Flaherty_(racing_driver),Pat,Flaherty
560,560,cheesbourg,\N,\N,1927-06-12,American,http://en.wikipedia.org/wiki/Bill_Cheesbourg,Bill,Cheesbourg
561,561,ray_crawford,\N,\N,1915-10-26,American,http://en.wikipedia.org/wiki/Ray_Crawford,Ray,Crawford
562,562,turner,\N,\N,1920-02-12,American,http://en.wikipedia.org/wiki/Jack_Turner_(driver),Jack,Turner
563,563,weyant,\N,\N,1923-04-03,American,http://en.wikipedia.org/wiki/Chuck_Weyant,Chuck,Weyant
564,564,larson,\N,\N,1923-01-21,American,http://en.wikipedia.org/wiki/Jud_Larson,Jud,Larson
565,565,magill,\N,\N,1920-02-08,American,http://en.wikipedia.org/wiki/Mike_Magill,Mike,Magill
566,566,shelby,\N,\N,1923-01-11,American,http://en.wikipedia.org/wiki/Carroll_Shelby,Carroll,Shelby
567,567,orey,\N,\N,1938-03-25,Brazilian,http://en.wikipedia.org/wiki/Fritz_d%27Orey,Fritz,d'Orey
568,568,fontes,\N,\N,1922-12-26,Uruguayan,http://en.wikipedia.org/wiki/Azdrubal_Fontes,Azdrubal,Fontes
569,569,ashdown,\N,\N,1934-10-16,British,http://en.wikipedia.org/wiki/Peter_Ashdown,Peter,Ashdown
570,570,bill_moss,\N,\N,1933-09-04,British,http://en.wikipedia.org/wiki/Bill_Moss_(racing_driver),Bill,Moss
571,571,dennis_taylor,\N,\N,1921-06-12,British,http://en.wikipedia.org/wiki/Dennis_Taylor_(racing_driver),Dennis,Taylor
572,572,blanchard,\N,\N,1929-06-13,American,http://en.wikipedia.org/wiki/Harry_Blanchard,Harry,Blanchard
573,573,tomaso,\N,\N,1928-07-10,Argentine-Italian,http://en.wikipedia.org/wiki/Alessandro_de_Tomaso,Alessandro,de Tomaso
574,574,constantine,\N,\N,1918-02-22,American,http://en.wikipedia.org/wiki/George_Constantine,George,Constantine
575,575,said,\N,\N,1932-05-05,American,http://en.wikipedia.org/wiki/Bob_Said,Bob,Said
576,576,cade,\N,\N,1916-06-12,American,http://en.wikipedia.org/wiki/Phil_Cade,Phil,Cade
577,577,musso,\N,\N,1924-07-28,Italian,http://en.wikipedia.org/wiki/Luigi_Musso,Luigi,Musso
578,578,hawthorn,\N,\N,1929-04-10,British,http://en.wikipedia.org/wiki/Mike_Hawthorn,Mike,Hawthorn
579,579,fangio,\N,\N,1911-06-24,Argentine,http://en.wikipedia.org/wiki/Juan_Manuel_Fangio,Juan,Fangio
580,580,godia,\N,\N,1921-03-21,Spanish,http://en.wikipedia.org/wiki/Paco_Godia,Paco,Godia
581,581,collins,\N,\N,1931-11-06,British,http://en.wikipedia.org/wiki/Peter_Collins_(racing_driver),Peter,Collins
582,582,kavanagh,\N,\N,1923-12-12,Australian,http://en.wikipedia.org/wiki/Ken_Kavanagh,Ken,Kavanagh
583,583,gerini,\N,\N,1928-08-10,Italian,http://en.wikipedia.org/wiki/Gerino_Gerini_(racing_driver),Gerino,Gerini
584,584,kessler,\N,\N,1936-03-23,American,http://en.wikipedia.org/wiki/Bruce_Kessler,Bruce,Kessler
585,585,emery,\N,\N,1916-11-12,British,http://en.wikipedia.org/wiki/Paul_Emery,Paul,Emery
586,586,piotti,\N,\N,1913-10-27,Italian,http://en.wikipedia.org/wiki/Luigi_Piotti,Luigi,Piotti
587,587,ecclestone,\N,\N,1930-10-28,British,http://en.wikipedia.org/wiki/Bernie_Ecclestone,Bernie,Ecclestone
588,588,taramazzo,\N,\N,1932-05-05,Italian,http://en.wikipedia.org/wiki/Luigi_Taramazzo,Luigi,Taramazzo
589,589,chiron,\N,\N,1899-08-03,Monegasque,http://en.wikipedia.org/wiki/Louis_Chiron,Louis,Chiron
590,590,lewis-evans,\N,\N,1930-04-20,British,http://en.wikipedia.org/wiki/Stuart_Lewis-Evans,Stuart,Lewis-Evans
591,591,george_amick,\N,\N,1924-10-24,American,http://en.wikipedia.org/wiki/George_Amick,George,Amick
592,592,reece,\N,\N,1929-11-17,American,http://en.wikipedia.org/wiki/Jimmy_Reece,Jimmy,Reece
593,593,parsons,\N,\N,1918-07-04,American,http://en.wikipedia.org/wiki/Johnnie_Parsons,Johnnie,Parsons
594,594,tolan,\N,\N,1917-10-22,American,http://en.wikipedia.org/wiki/Johnnie_Tolan,Johnnie,Tolan
595,595,garrett,\N,\N,1933-04-24,American,http://en.wikipedia.org/wiki/Billy_Garrett,Billy,Garrett
596,596,elisian,\N,\N,1926-12-09,American,http://en.wikipedia.org/wiki/Ed_Elisian,Ed,Elisian
597,597,connor,\N,\N,1928-10-09,American,http://en.wikipedia.org/wiki/Pat_O%27Connor_(auto_racer),Pat,O'Connor
598,598,jerry_unser,\N,\N,1932-11-15,American,http://en.wikipedia.org/wiki/Jerry_Unser,Jerry,Unser
599,599,bisch,\N,\N,1926-11-10,American,http://en.wikipedia.org/wiki/Art_Bisch,Art,Bisch
600,600,goethals,\N,\N,1928-08-04,Belgian,http://en.wikipedia.org/wiki/Christian_Goethals,Christian,Goethals
601,601,gibson,\N,\N,1918-04-16,British,http://en.wikipedia.org/wiki/Dick_Gibson,Dick,Gibson
602,602,la_caze,\N,\N,1917-02-26,French,http://en.wikipedia.org/wiki/Robert_La_Caze,Robert,La Caze
603,603,guelfi,\N,\N,1919-05-06,French,http://en.wikipedia.org/wiki/Andr%C3%A9_Guelfi,André,Guelfi
604,604,picard,\N,\N,1921-04-26,French,http://en.wikipedia.org/wiki/Fran%C3%A7ois_Picard,François,Picard
605,605,bridger,\N,\N,1934-06-24,British,http://en.wikipedia.org/wiki/Tom_Bridger,Tom,Bridger
606,606,portago,\N,\N,1928-10-11,Spanish,http://en.wikipedia.org/wiki/Alfonso_de_Portago,Alfonso,de Portago
607,607,perdisa,\N,\N,1932-10-21,Italian,http://en.wikipedia.org/wiki/Cesare_Perdisa,Cesare,Perdisa
608,608,castellotti,\N,\N,1930-10-10,Italian,http://en.wikipedia.org/wiki/Eugenio_Castellotti,Eugenio,Castellotti
609,609,simon,\N,\N,1920-01-05,French,http://en.wikipedia.org/wiki/Andr%C3%A9_Simon_(racing_driver),André,Simon
610,610,leston,\N,\N,1920-12-16,British,http://en.wikipedia.org/wiki/Les_Leston,Les,Leston
611,611,hanks,\N,\N,1914-07-13,American,http://en.wikipedia.org/wiki/Sam_Hanks,Sam,Hanks
612,612,linden,\N,\N,1922-04-05,American,http://en.wikipedia.org/wiki/Andy_Linden_(racing_driver),Andy,Linden
613,613,teague,\N,\N,1921-02-22,American,http://en.wikipedia.org/wiki/Marshall_Teague,Marshall,Teague
614,614,edmunds,\N,\N,1930-09-23,American,http://en.wikipedia.org/wiki/Don_Edmunds,Don,Edmunds
615,615,agabashian,\N,\N,1913-08-21,American,http://en.wikipedia.org/wiki/Fred_Agabashian,Fred,Agabashian
616,616,george,\N,\N,1928-07-15,American,http://en.wikipedia.org/wiki/Elmer_George,Elmer,George
617,617,macdowel,\N,\N,1932-09-13,British,http://en.wikipedia.org/wiki/Mike_MacDowel,Mike,MacDowel
618,618,mackay-fraser,\N,\N,1927-06-23,American,http://en.wikipedia.org/wiki/Herbert_MacKay-Fraser,Herbert,MacKay-Fraser
619,619,gerard,\N,\N,1914-01-19,British,http://en.wikipedia.org/wiki/Bob_Gerard,Bob,Gerard
620,620,maglioli,\N,\N,1928-06-05,Italian,http://en.wikipedia.org/wiki/Umberto_Maglioli,Umberto,Maglioli
621,621,england,\N,\N,1929-03-28,Australian,http://en.wikipedia.org/wiki/Paul_England,Paul,England
622,622,landi,\N,\N,1907-07-14,Brazilian,http://en.wikipedia.org/wiki/Chico_Landi,Chico,Landi
623,623,uria,\N,\N,1924-07-11,Uruguayan,http://en.wikipedia.org/wiki/Alberto_Uria,Alberto,Uria
624,624,ramos,\N,\N,1925-12-07,Brazilian,http://en.wikipedia.org/wiki/Hernando_da_Silva_Ramos,Hernando,da Silva Ramos
625,625,bayol,\N,\N,1914-02-28,French,http://en.wikipedia.org/wiki/%C3%89lie_Bayol,Élie,Bayol
626,626,manzon,\N,\N,1917-04-12,French,http://en.wikipedia.org/wiki/Robert_Manzon,Robert,Manzon
627,627,rosier,\N,\N,1905-11-05,French,http://en.wikipedia.org/wiki/Louis_Rosier,Louis,Rosier
628,628,sweikert,\N,\N,1926-05-20,American,http://en.wikipedia.org/wiki/Bob_Sweikert,Bob,Sweikert
629,629,griffith,\N,\N,1916-02-06,American,http://en.wikipedia.org/wiki/Cliff_Griffith,Cliff,Griffith
630,630,dinsmore,\N,\N,1913-04-10,American,http://en.wikipedia.org/wiki/Duke_Dinsmore,Duke,Dinsmore
631,631,andrews,\N,\N,1920-06-15,American,http://en.wikipedia.org/wiki/Keith_Andrews_(driver),Keith,Andrews
632,632,frere,\N,\N,1917-01-30,Belgian,http://en.wikipedia.org/wiki/Paul_Fr%C3%A8re,Paul,Frère
633,633,villoresi,\N,\N,1909-05-16,Italian,http://en.wikipedia.org/wiki/Luigi_Villoresi,Luigi,Villoresi
634,634,scotti,\N,\N,1909-11-11,Italian,http://en.wikipedia.org/wiki/Piero_Scotti,Piero,Scotti
635,635,chapman,\N,\N,1928-05-19,British,http://en.wikipedia.org/wiki/Colin_Chapman,Colin,Chapman
636,636,titterington,\N,\N,1928-05-01,British,http://en.wikipedia.org/wiki/Desmond_Titterington,Desmond,Titterington
637,637,scott_Brown,\N,\N,1927-05-13,British,http://en.wikipedia.org/wiki/Archie_Scott_Brown,Archie,Scott Brown
638,638,volonterio,\N,\N,1917-12-07,Swiss,http://en.wikipedia.org/wiki/Ottorino_Volonterio,Ottorino,Volonterio
639,639,milhoux,\N,\N,1928-12-09,Belgian,http://en.wikipedia.org/wiki/Andr%C3%A9_Milhoux,André,Milhoux
640,640,graffenried,\N,\N,1914-05-18,Swiss,http://en.wikipedia.org/wiki/Toulo_de_Graffenried,Toulo,de Graffenried
641,641,taruffi,\N,\N,1906-10-12,Italian,http://en.wikipedia.org/wiki/Piero_Taruffi,Piero,Taruffi
642,642,farina,\N,\N,1906-10-30,Italian,http://en.wikipedia.org/wiki/Nino_Farina,Nino,Farina
643,643,mieres,\N,\N,1924-12-03,Argentine,http://en.wikipedia.org/wiki/Roberto_Mieres,Roberto,Mieres
644,644,mantovani,\N,\N,1929-05-22,Italian,http://en.wikipedia.org/wiki/Sergio_Mantovani,Sergio,Mantovani
645,645,bucci,\N,\N,1920-09-04,Argentine,http://en.wikipedia.org/wiki/Clemar_Bucci,Clemar,Bucci
646,646,iglesias,\N,\N,1922-02-22,Argentine,http://en.wikipedia.org/wiki/Jes%C3%BAs_Iglesias,Jesús,Iglesias
647,647,ascari,\N,\N,1918-07-13,Italian,http://en.wikipedia.org/wiki/Alberto_Ascari,Alberto,Ascari
648,648,kling,\N,\N,1910-09-16,German,http://en.wikipedia.org/wiki/Karl_Kling,Karl,Kling
649,649,birger,\N,\N,1924-01-07,Argentine,http://en.wikipedia.org/wiki/Pablo_Birger,Pablo,Birger
650,650,pollet,\N,\N,1922-07-02,French,http://en.wikipedia.org/wiki/Jacques_Pollet,Jacques,Pollet
651,651,macklin,\N,\N,1919-09-02,British,http://en.wikipedia.org/wiki/Lance_Macklin,Lance,Macklin
652,652,whiteaway,\N,\N,1928-11-01,British,http://en.wikipedia.org/wiki/Ted_Whiteaway,Ted,Whiteaway
653,653,davies,\N,\N,1929-08-08,American,http://en.wikipedia.org/wiki/Jimmy_Davies,Jimmy,Davies
654,654,faulkner,\N,\N,1920-02-16,American,http://en.wikipedia.org/wiki/Walt_Faulkner,Walt,Faulkner
655,655,niday,\N,\N,1914-04-29,American,http://en.wikipedia.org/wiki/Cal_Niday,Cal,Niday
656,656,cross,\N,\N,1918-01-24,American,http://en.wikipedia.org/wiki/Art_Cross,Art,Cross
657,657,vukovich,\N,\N,1918-12-13,American,http://en.wikipedia.org/wiki/Bill_Vukovich,Bill,Vukovich
658,658,mcgrath,\N,\N,1919-10-08,American,http://en.wikipedia.org/wiki/Jack_McGrath_(racing_driver),Jack,McGrath
659,659,hoyt,\N,\N,1929-01-29,American,http://en.wikipedia.org/wiki/Jerry_Hoyt,Jerry,Hoyt
660,660,claes,\N,\N,1916-08-11,Belgian,http://en.wikipedia.org/wiki/Johnny_Claes,Johnny,Claes
661,661,peter_walker,\N,\N,1912-10-07,British,http://en.wikipedia.org/wiki/Peter_Walker_(driver),Peter,Walker
662,662,sparken,\N,\N,1930-06-16,French,http://en.wikipedia.org/wiki/Mike_Sparken,Mike,Sparken
663,663,wharton,\N,\N,1916-03-21,British,http://en.wikipedia.org/wiki/Ken_Wharton,Ken,Wharton
664,664,mcalpine,\N,\N,1920-09-21,British,http://en.wikipedia.org/wiki/Kenneth_McAlpine,Kenneth,McAlpine
665,665,marr,\N,\N,1922-08-14,British,http://en.wikipedia.org/wiki/Leslie_Marr,Leslie,Marr
666,666,rolt,\N,\N,1918-10-16,British,http://en.wikipedia.org/wiki/Tony_Rolt,Tony,Rolt
667,667,fitch,\N,\N,1917-08-04,American,http://en.wikipedia.org/wiki/John_Fitch_(driver),John,Fitch
668,668,lucas,\N,\N,1917-04-25,French,http://en.wikipedia.org/wiki/Jean_Lucas,Jean,Lucas
669,669,bira,\N,\N,1914-07-15,Thai,http://en.wikipedia.org/wiki/Prince_Bira,Prince,Bira
670,670,marimon,\N,\N,1923-12-19,Argentine,http://en.wikipedia.org/wiki/Onofre_Marim%C3%B3n,Onofre,Marimón
671,671,loyer,\N,\N,1907-08-05,French,http://en.wikipedia.org/wiki/Roger_Loyer,Roger,Loyer
672,672,daponte,\N,\N,1923-06-05,Argentine,http://en.wikipedia.org/wiki/Jorge_Daponte,Jorge,Daponte
673,673,nazaruk,\N,\N,1921-10-02,American,http://en.wikipedia.org/wiki/Mike_Nazaruk,Mike,Nazaruk
674,674,crockett,\N,\N,1926-10-23,American,http://en.wikipedia.org/wiki/Larry_Crockett,Larry,Crockett
675,675,ayulo,\N,\N,1921-10-20,American,http://en.wikipedia.org/wiki/Manny_Ayulo,Manny,Ayulo
676,676,armi,\N,\N,1918-10-12,American,http://en.wikipedia.org/wiki/Frank_Armi,Frank,Armi
677,677,webb,\N,\N,1910-10-08,American,http://en.wikipedia.org/wiki/Travis_Webb,Travis,Webb
678,678,duncan,\N,\N,1911-07-25,American,http://en.wikipedia.org/wiki/Len_Duncan,Len,Duncan
679,679,mccoy,\N,\N,1921-02-19,American,http://en.wikipedia.org/wiki/Ernie_McCoy,Ernie,McCoy
680,680,swaters,\N,\N,1926-10-30,American,http://en.wikipedia.org/wiki/Jacques_Swaters,Jacques,Swaters
681,681,georges_berger,\N,\N,1918-09-14,Belgian,http://en.wikipedia.org/wiki/Georges_Berger,Georges,Berger
682,682,beauman,\N,\N,1928-07-26,British,http://en.wikipedia.org/wiki/Don_Beauman,Don,Beauman
683,683,thorne,\N,\N,1916-06-23,British,http://en.wikipedia.org/wiki/Leslie_Thorne,Leslie,Thorne
684,684,whitehouse,\N,\N,1909-04-01,British,http://en.wikipedia.org/wiki/Bill_Whitehouse,Bill,Whitehouse
685,685,riseley_prichard,\N,\N,1924-01-17,British,http://en.wikipedia.org/wiki/John_Riseley-Prichard,John,Riseley-Prichard
686,686,reg_parnell,\N,\N,1911-07-02,British,http://en.wikipedia.org/wiki/Reg_Parnell,Reg,Parnell
687,687,whitehead,\N,\N,1914-11-12,British,http://en.wikipedia.org/wiki/Peter_Whitehead_(racing_driver),Peter,Whitehead
688,688,brandon,\N,\N,1920-07-18,British,http://en.wikipedia.org/wiki/Eric_Brandon,Eric,Brandon
689,689,alan_brown,\N,\N,1919-11-20,British,http://en.wikipedia.org/wiki/Alan_Brown_(racing_driver),Alan,Brown
690,690,nuckey,\N,\N,1929-06-26,British,http://en.wikipedia.org/wiki/Rodney_Nuckey,Rodney,Nuckey
691,691,lang,\N,\N,1909-04-06,German,http://en.wikipedia.org/wiki/Hermann_Lang,Hermann,Lang
692,692,helfrich,\N,\N,1913-05-13,German,http://en.wikipedia.org/wiki/Theo_Helfrich,Theo,Helfrich
693,693,wacker,\N,\N,1918-07-10,American,http://en.wikipedia.org/wiki/Fred_Wacker,Fred,Wacker
694,694,riu,\N,\N,1925-03-10,Italian,http://en.wikipedia.org/wiki/Giovanni_de_Riu,Giovanni,de Riu
695,695,galvez,\N,\N,1913-08-17,Argentine,http://en.wikipedia.org/wiki/%C3%93scar_Alfredo_G%C3%A1lvez,Oscar,Gálvez
696,696,john_barber,\N,\N,1929-07-22,British,http://en.wikipedia.org/wiki/John_Barber_(racing_driver),John,Barber
697,697,bonetto,\N,\N,1903-06-09,Italian,http://en.wikipedia.org/wiki/Felice_Bonetto,Felice,Bonetto
698,698,cruz,\N,\N,1923-06-28,Argentine,http://en.wikipedia.org/wiki/Adolfo_Schewelm_Cruz,Adolfo,Cruz
699,699,nalon,\N,\N,1913-03-02,American,http://en.wikipedia.org/wiki/Duke_Nalon,Duke,Nalon
700,700,scarborough,\N,\N,1914-07-03,American,http://en.wikipedia.org/wiki/Carl_Scarborough,Carl,Scarborough
701,701,holland,\N,\N,1907-12-18,American,http://en.wikipedia.org/wiki/Bill_Holland,Bill,Holland
702,702,bob_scott,\N,\N,1928-10-04,American,http://en.wikipedia.org/wiki/Bob_Scott_(auto_racer),Bob,Scott
703,703,legat,\N,\N,1898-11-01,Belgian,http://en.wikipedia.org/wiki/Arthur_Legat,Arthur,Legat
704,704,cabantous,\N,\N,1904-10-08,French,http://en.wikipedia.org/wiki/Yves_Giraud_Cabantous,Yves,Cabantous
705,705,crook,\N,\N,1920-02-16,British,http://en.wikipedia.org/wiki/Tony_Crook,Tony,Crook
706,706,jimmy_stewart,\N,\N,1931-03-06,British,http://en.wikipedia.org/wiki/Jimmy_Stewart_(racing_driver),Jimmy,Stewart
707,707,ian_stewart,\N,\N,1929-07-15,British,http://en.wikipedia.org/wiki/Ian_Stewart_(racing_driver),Ian,Stewart
708,708,duncan_hamilton,\N,\N,1920-04-30,British,http://en.wikipedia.org/wiki/Duncan_Hamilton_(racing_driver),Duncan,Hamilton
709,709,klodwig,\N,\N,1903-05-23,East German,http://en.wikipedia.org/wiki/Ernst_Klodwig,Ernst,Klodwig
710,710,krause,\N,\N,1907-03-30,East German,http://en.wikipedia.org/wiki/Rudolf_Krause,Rudolf,Krause
711,711,karch,\N,\N,1917-03-06,German,http://en.wikipedia.org/wiki/Oswald_Karch,Oswald,Karch
712,712,heeks,\N,\N,1922-02-13,German,http://en.wikipedia.org/wiki/Willi_Heeks,Willi,Heeks
713,713,fitzau,\N,\N,1923-02-10,East German,http://en.wikipedia.org/wiki/Theo_Fitzau,Theo,Fitzau
714,714,adolff,\N,\N,1921-11-05,German,http://en.wikipedia.org/wiki/Kurt_Adolff,Kurt,Adolff
715,715,bechem,\N,\N,1921-12-21,German,http://en.wikipedia.org/wiki/G%C3%BCnther_Bechem,Günther,Bechem
716,716,bauer,\N,\N,1912-07-17,German,http://en.wikipedia.org/wiki/Erwin_Bauer,Erwin,Bauer
717,717,hans_stuck,\N,\N,1900-12-27,German,http://en.wikipedia.org/wiki/Hans_Von_Stuck,Hans,von Stuck
718,718,loof,\N,\N,1907-07-04,German,http://en.wikipedia.org/wiki/Ernst_Loof,Ernst,Loof
719,719,scherrer,\N,\N,1908-02-28,Swiss,http://en.wikipedia.org/wiki/Albert_Scherrer,Albert,Scherrer
720,720,terra,\N,\N,1918-10-06,Swiss,http://en.wikipedia.org/wiki/Max_de_Terra,Max,de Terra
721,721,hirt,\N,\N,1910-03-30,Swiss,http://en.wikipedia.org/wiki/Peter_Hirt,Peter,Hirt
722,722,carini,\N,\N,1921-03-06,Italian,http://en.wikipedia.org/wiki/Piero_Carini,Piero,Carini
723,723,fischer,\N,\N,1912-04-19,Swiss,http://en.wikipedia.org/wiki/Rudi_Fischer,Rudi,Fischer
724,724,ulmen,\N,\N,1906-01-25,German,http://en.wikipedia.org/wiki/Toni_Ulmen,Toni,Ulmen
725,725,abecassis,\N,\N,1913-03-21,British,http://en.wikipedia.org/wiki/George_Abecassis,George,Abecassis
726,726,george_connor,\N,\N,1906-08-16,American,http://en.wikipedia.org/wiki/George_Connor_(driver),George,Connor
727,727,rigsby,\N,\N,1923-06-06,American,http://en.wikipedia.org/wiki/Jim_Rigsby,Jim,Rigsby
728,728,james,\N,\N,1925-05-23,American,http://en.wikipedia.org/wiki/Joe_James_(racing_driver),Joe,James
729,729,schindler,\N,\N,1909-03-06,American,http://en.wikipedia.org/wiki/Bill_Schindler,Bill,Schindler
730,730,fonder,\N,\N,1917-06-22,American,http://en.wikipedia.org/wiki/George_Fonder,George,Fonder
731,731,banks,\N,\N,1913-06-14,American,http://en.wikipedia.org/wiki/Henry_Banks,Henry,Banks
732,732,mcdowell,\N,\N,1915-01-29,American,http://en.wikipedia.org/wiki/Johnny_McDowell,Johnny,McDowell
733,733,miller,\N,\N,1902-07-19,American,http://en.wikipedia.org/wiki/Chet_Miller,Chet,Miller
734,734,ball,\N,\N,1925-08-26,American,http://en.wikipedia.org/wiki/Bobby_Ball_(auto_racer),Bobby,Ball
735,735,tornaco,\N,\N,1927-06-07,Belgian,http://en.wikipedia.org/wiki/Charles_de_Tornaco,Charles,de Tornaco
736,736,laurent,\N,\N,1913-02-21,Belgian,http://en.wikipedia.org/wiki/Roger_Laurent,Roger,Laurent
737,737,obrien,\N,\N,1908-04-11,American,http://en.wikipedia.org/wiki/Robert_O%27Brien_(auto_racer),Robert,O'Brien
738,738,gaze,\N,\N,1920-02-03,Australian,http://en.wikipedia.org/wiki/Tony_Gaze,Tony,Gaze
739,739,charrington,\N,\N,1915-06-23,British,http://en.wikipedia.org/wiki/Robin_Montgomerie-Charrington,Robin,Montgomerie-Charrington
740,740,comotti,\N,\N,1906-07-24,Italian,http://en.wikipedia.org/wiki/Franco_Comotti,Franco,Comotti
741,741,etancelin,\N,\N,1896-12-28,French,http://en.wikipedia.org/wiki/Philippe_%C3%89tancelin,Philippe,Étancelin
742,742,poore,\N,\N,1916-08-19,British,http://en.wikipedia.org/wiki/Dennis_Poore,Dennis,Poore
743,743,thompson,\N,\N,1919-11-04,British,http://en.wikipedia.org/wiki/Eric_Thompson_(racing_driver),Eric,Thompson
744,744,downing,\N,\N,1917-12-05,British,http://en.wikipedia.org/wiki/Ken_Downing,Ken,Downing
745,745,graham_whitehead,\N,\N,1922-04-15,British,http://en.wikipedia.org/wiki/Graham_Whitehead,Graham,Whitehead
746,746,bianco,\N,\N,1916-07-22,Brazilian,http://en.wikipedia.org/wiki/Gino_Bianco,Gino,Bianco
747,747,murray,\N,\N,1909-12-28,British,http://en.wikipedia.org/wiki/David_Murray_(driver),David,Murray
748,748,cantoni,\N,\N,1906-10-04,Uruguayan,http://en.wikipedia.org/wiki/Eitel_Cantoni,Eitel,Cantoni
749,749,aston,\N,\N,1900-03-29,British,http://en.wikipedia.org/wiki/Bill_Aston,Bill,Aston
750,750,brudes,\N,\N,1899-10-15,German,http://en.wikipedia.org/wiki/Adolf_Brudes,Adolf,Brudes
751,751,riess,\N,\N,1922-07-11,German,http://en.wikipedia.org/wiki/Fritz_Riess,Fritz,Riess
752,752,niedermayr,\N,\N,1915-11-29,German,http://en.wikipedia.org/wiki/Helmut_Niedermayr,Helmut,Niedermayr
753,753,klenk,\N,\N,1919-10-28,German,http://en.wikipedia.org/wiki/Hans_Klenk,Hans,Klenk
754,754,balsa,\N,\N,1909-01-01,French,http://en.wikipedia.org/wiki/Marcel_Balsa,Marcel,Balsa
755,755,schoeller,\N,\N,1902-04-27,Swiss,http://en.wikipedia.org/wiki/Rudolf_Schoeller,Rudolf,Schoeller
756,756,pietsch,\N,\N,1911-06-20,German,http://en.wikipedia.org/wiki/Paul_Pietsch,Paul,Pietsch
757,757,peters,\N,\N,1914-09-16,German,http://en.wikipedia.org/wiki/Josef_Peters_(driver),Josef,Peters
758,758,lof,\N,\N,1919-08-23,Dutch,http://en.wikipedia.org/wiki/Dries_van_der_Lof,Dries,van der Lof
759,759,flinterman,\N,\N,1919-10-02,Dutch,http://en.wikipedia.org/wiki/Jan_Flinterman,Jan,Flinterman
760,760,dusio,\N,\N,1899-10-13,Italian,http://en.wikipedia.org/wiki/Piero_Dusio,Piero,Dusio
761,761,crespo,\N,\N,1920-01-16,Argentine,http://en.wikipedia.org/wiki/Alberto_Crespo,Alberto,Crespo
762,762,rol,\N,\N,1908-06-05,Italian,http://en.wikipedia.org/wiki/Franco_Rol,Franco,Rol
763,763,sanesi,\N,\N,1911-03-28,Italian,http://en.wikipedia.org/wiki/Consalvo_Sanesi,Consalvo,Sanesi
764,764,guy_mairesse,\N,\N,1910-08-10,French,http://en.wikipedia.org/wiki/Guy_Mairesse,Guy,Mairesse
765,765,louveau,\N,\N,1910-01-25,French,http://en.wikipedia.org/wiki/Henri_Louveau,Henri,Louveau
766,766,wallard,\N,\N,1910-09-07,American,http://en.wikipedia.org/wiki/Lee_Wallard,Lee,Wallard
767,767,forberg,\N,\N,1911-03-04,American,http://en.wikipedia.org/wiki/Carl_Forberg,Carl,Forberg
768,768,rose,\N,\N,1906-05-26,American,http://en.wikipedia.org/wiki/Mauri_Rose,Mauri,Rose
769,769,mackey,\N,\N,1927-12-15,American,http://en.wikipedia.org/wiki/Bill_Mackey,Bill,Mackey
770,770,green,\N,\N,1919-09-30,American,http://en.wikipedia.org/wiki/Cecil_Green,Cecil,Green
771,771,walt_brown,\N,\N,1911-12-30,American,http://en.wikipedia.org/wiki/Walt_Brown_(auto_racer),Walt,Brown
772,772,hellings,\N,\N,1915-09-14,American,http://en.wikipedia.org/wiki/Mack_Hellings,Mack,Hellings
773,773,levegh,\N,\N,1905-12-22,French,http://en.wikipedia.org/wiki/Pierre_Levegh,Pierre,Levegh
774,774,chaboud,\N,\N,1907-04-12,French,http://en.wikipedia.org/wiki/Eug%C3%A8ne_Chaboud,Eugène,Chaboud
775,775,gordini,\N,\N,1921-05-20,French,http://en.wikipedia.org/wiki/Aldo_Gordini,Aldo,Gordini
776,776,kelly,\N,\N,1913-03-13,Irish,http://en.wikipedia.org/wiki/Joe_Kelly_(Formula_One),Joe,Kelly
777,777,parker,\N,\N,1907-09-22,British,http://en.wikipedia.org/wiki/Philip_Fotheringham-Parker,Philip,Fotheringham-Parker
778,778,shawe_taylor,\N,\N,1915-01-28,British,http://en.wikipedia.org/wiki/Brian_Shawe_Taylor,Brian,Shawe Taylor
779,779,john_james,\N,\N,1914-05-10,British,http://en.wikipedia.org/wiki/John_James_(auto_racer),John,James
780,780,branca,\N,\N,1916-09-15,Swiss,http://en.wikipedia.org/wiki/Toni_Branca,Toni,Branca
781,781,richardson,\N,\N,1911-08-21,British,http://en.wikipedia.org/wiki/Ken_Richardson_(race_car_driver),Ken,Richardson
782,782,jover,\N,\N,1903-11-23,Spanish,http://en.wikipedia.org/wiki/Juan_Jover,Juan,Jover
783,783,grignard,\N,\N,1905-07-25,French,http://en.wikipedia.org/wiki/Georges_Grignard,Georges,Grignard
784,784,hampshire,\N,\N,1917-12-29,British,http://en.wikipedia.org/wiki/David_Hampshire,David,Hampshire
785,785,crossley,\N,\N,1921-05-11,British,http://en.wikipedia.org/wiki/Geoff_Crossley,Geoff,Crossley
786,786,fagioli,\N,\N,1898-06-09,Italian,http://en.wikipedia.org/wiki/Luigi_Fagioli,Luigi,Fagioli
787,787,harrison,\N,\N,1906-07-06,British,http://en.wikipedia.org/wiki/Cuth_Harrison,Cuth,Harrison
788,788,fry,\N,\N,1915-10-26,British,http://en.wikipedia.org/wiki/Joe_Fry,Joe,Fry
789,789,martin,\N,\N,1915-03-24,French,http://en.wikipedia.org/wiki/Eug%C3%A8ne_Martin,Eugène,Martin
790,790,leslie_johnson,\N,\N,1912-03-22,British,http://en.wikipedia.org/wiki/Leslie_Johnson_(racing_driver),Leslie,Johnson
791,791,biondetti,\N,\N,1898-08-18,Italian,http://en.wikipedia.org/wiki/Clemente_Biondetti,Clemente,Biondetti
792,792,pian,\N,\N,1912-10-21,Argentine,http://en.wikipedia.org/wiki/Alfredo_Pi%C3%A0n,Alfredo,Pián
793,793,sommer,\N,\N,1906-08-31,French,http://en.wikipedia.org/wiki/Raymond_Sommer,Raymond,Sommer
794,794,chitwood,\N,\N,1912-04-14,American,http://en.wikipedia.org/wiki/Joie_Chitwood,Joie,Chitwood
795,795,fohr,\N,\N,1912-06-17,American,http://en.wikipedia.org/wiki/Myron_Fohr,Myron,Fohr
796,796,ader,\N,\N,1913-12-15,American,http://en.wikipedia.org/wiki/Walt_Ader,Walt,Ader
797,797,holmes,\N,\N,1920-09-04,American,http://en.wikipedia.org/wiki/Jackie_Holmes,Jackie,Holmes
798,798,levrett,\N,\N,1914-02-14,American,http://en.wikipedia.org/wiki/Bayliss_Levrett,Bayliss,Levrett
799,799,jackson,\N,\N,1910-07-25,American,http://en.wikipedia.org/wiki/Jimmy_Jackson_(driver),Jimmy,Jackson
800,800,pagani,\N,\N,1911-10-11,Italian,http://en.wikipedia.org/wiki/Nello_Pagani,Nello,Pagani
801,801,pozzi,\N,\N,1909-08-27,French,http://en.wikipedia.org/wiki/Charles_Pozzi,Charles,Pozzi
802,802,serafini,\N,\N,1909-07-22,Italian,http://en.wikipedia.org/wiki/Dorino_Serafini,Dorino,Serafini
803,803,cantrell,\N,\N,1908-01-31,American,http://en.wikipedia.org/wiki/William_Cantrell,Bill,Cantrell
804,804,mantz,\N,\N,1918-09-18,American,http://en.wikipedia.org/wiki/Johnny_Mantz,Johnny,Mantz
805,805,kladis,\N,\N,1917-02-10,American,http://en.wikipedia.org/wiki/Danny_Kladis,Danny,Kladis
806,806,oscar_gonzalez,\N,\N,1923-11-10,Uruguayan,http://en.wikipedia.org/wiki/Oscar_Gonz%C3%A1lez_(racing_driver),Óscar,González
807,807,hulkenberg,27,HUL,1987-08-19,German,http://en.wikipedia.org/wiki/Nico_H%C3%BClkenberg,Nico,Hülkenberg
808,808,petrov,\N,PET,1984-09-08,Russian,http://en.wikipedia.org/wiki/Vitaly_Petrov,Vitaly,Petrov
809,810,grassi,\N,DIG,1984-08-11,Brazilian,http://en.wikipedia.org/wiki/Lucas_di_Grassi,Lucas,di Grassi
810,811,bruno_senna,\N,SEN,1983-10-15,Brazilian,http://en.wikipedia.org/wiki/Bruno_Senna,Bruno,Senna
811,812,chandhok,\N,CHA,1984-01-19,Indian,http://en.wikipedia.org/wiki/Karun_Chandhok,Karun,Chandhok
812,813,maldonado,13,MAL,1985-03-09,Venezuelan,http://en.wikipedia.org/wiki/Pastor_Maldonado,Pastor,Maldonado
813,814,resta,\N,DIR,1986-04-16,British,http://en.wikipedia.org/wiki/Paul_di_Resta,Paul,di Resta
814,815,perez,11,PER,1990-01-26,Mexican,http://en.wikipedia.org/wiki/Sergio_P%C3%A9rez,Sergio,Pérez
815,816,ambrosio,\N,DAM,1985-12-27,Belgian,http://en.wikipedia.org/wiki/J%C3%A9r%C3%B4me_d%27Ambrosio,Jérôme,d'Ambrosio
816,817,ricciardo,3,RIC,1989-07-01,Australian,http://en.wikipedia.org/wiki/Daniel_Ricciardo,Daniel,Ricciardo
817,818,vergne,25,VER,1990-04-25,French,http://en.wikipedia.org/wiki/Jean-%C3%89ric_Vergne,Jean-Éric,Vergne
818,819,pic,\N,PIC,1990-02-15,French,http://en.wikipedia.org/wiki/Charles_Pic,Charles,Pic
819,820,chilton,4,CHI,1991-04-21,British,http://en.wikipedia.org/wiki/Max_Chilton,Max,Chilton
820,821,gutierrez,21,GUT,1991-08-05,Mexican,http://en.wikipedia.org/wiki/Esteban_Guti%C3%A9rrez,Esteban,Gutiérrez
821,822,bottas,77,BOT,1989-08-28,Finnish,http://en.wikipedia.org/wiki/Valtteri_Bottas,Valtteri,Bottas
822,823,garde,\N,VDG,1985-04-25,Dutch,http://en.wikipedia.org/wiki/Giedo_van_der_Garde,Giedo,van der Garde
823,824,jules_bianchi,17,BIA,1989-08-03,French,http://en.wikipedia.org/wiki/Jules_Bianchi,Jules,Bianchi
824,825,kevin_magnussen,20,MAG,1992-10-05,Danish,http://en.wikipedia.org/wiki/Kevin_Magnussen,Kevin,Magnussen
825,826,kvyat,26,KVY,1994-04-26,Russian,http://en.wikipedia.org/wiki/Daniil_Kvyat,Daniil,Kvyat
826,827,lotterer,45,LOT,1981-11-19,German,http://en.wikipedia.org/wiki/Andr%C3%A9_Lotterer,André,Lotterer
827,828,ericsson,9,ERI,1990-09-02,Swedish,http://en.wikipedia.org/wiki/Marcus_Ericsson,Marcus,Ericsson
828,829,stevens,28,STE,1991-06-28,British,http://en.wikipedia.org/wiki/Will_Stevens,Will,Stevens
829,830,max_verstappen,33,VER,1997-09-30,Dutch,http://en.wikipedia.org/wiki/Max_Verstappen,Max,Verstappen
830,831,nasr,12,NAS,1992-08-21,Brazilian,http://en.wikipedia.org/wiki/Felipe_Nasr,Felipe,Nasr
831,832,sainz,55,SAI,1994-09-01,Spanish,http://en.wikipedia.org/wiki/Carlos_Sainz_Jr.,Carlos,Sainz
832,833,merhi,98,MER,1991-03-22,Spanish,http://en.wikipedia.org/wiki/Roberto_Merhi,Roberto,Merhi
833,834,rossi,53,RSS,1991-09-25,American,http://en.wikipedia.org/wiki/Alexander_Rossi_%28racing_driver%29,Alexander,Rossi
834,835,jolyon_palmer,30,PAL,1991-01-20,British,http://en.wikipedia.org/wiki/Jolyon_Palmer,Jolyon,Palmer
835,836,wehrlein,94,WEH,1994-10-18,German,http://en.wikipedia.org/wiki/Pascal_Wehrlein,Pascal,Wehrlein
836,837,haryanto,88,HAR,1993-01-22,Indonesian,http://en.wikipedia.org/wiki/Rio_Haryanto,Rio,Haryanto
837,838,vandoorne,2,VAN,1992-03-26,Belgian,http://en.wikipedia.org/wiki/Stoffel_Vandoorne,Stoffel,Vandoorne
838,839,ocon,31,OCO,1996-09-17,French,http://en.wikipedia.org/wiki/Esteban_Ocon,Esteban,Ocon
839,840,stroll,18,STR,1998-10-29,Canadian,http://en.wikipedia.org/wiki/Lance_Stroll,Lance,Stroll
840,841,giovinazzi,99,GIO,1993-12-14,Italian,http://en.wikipedia.org/wiki/Antonio_Giovinazzi,Antonio,Giovinazzi
841,843,brendon_hartley,28,HAR,1989-11-10,New Zealander,http://en.wikipedia.org/wiki/Brendon_Hartley,Brendon,Hartley
842,844,leclerc,16,LEC,1997-10-16,Monegasque,http://en.wikipedia.org/wiki/Charles_Leclerc,Charles,Leclerc
843,845,sirotkin,35,SIR,1995-08-27,Russian,http://en.wikipedia.org/wiki/Sergey_Sirotkin_(racing_driver),Sergey,Sirotkin
844,846,norris,4,NOR,1999-11-13,British,http://en.wikipedia.org/wiki/Lando_Norris,Lando,Norris
845,847,russell,63,RUS,1998-02-15,British,http://en.wikipedia.org/wiki/George_Russell_%28racing_driver%29,George,Russell
846,848,albon,23,ALB,1996-03-23,Thai,http://en.wikipedia.org/wiki/Alexander_Albon,Alexander,Albon
847,849,latifi,6,LAT,1995-06-29,Canadian,http://en.wikipedia.org/wiki/Nicholas_Latifi,Nicholas,Latifi
848,850,pietro_fittipaldi,51,FIT,1996-06-25,Brazilian,http://en.wikipedia.org/wiki/Pietro_Fittipaldi,Pietro,Fittipaldi
849,851,aitken,89,AIT,1995-09-23,British,http://en.wikipedia.org/wiki/Jack_Aitken,Jack,Aitken
850,852,tsunoda,\N,TSU,2000-05-11,Japanese,http://en.wikipedia.org/wiki/Yuki_Tsunoda,Yuki,Tsunoda
851,853,mazepin,\N,MAZ,1999-03-02,Russian,http://en.wikipedia.org/wiki/Nikita_Mazepin,Nikita,Mazepin
852,854,mick_schumacher,\N,SCH,1999-03-22,German,http://en.wikipedia.org/wiki/Mick_Schumacher,Mick,Schumacher
